Date;Time;Precipitation (inch)
1/1/19;12:00:00 AM;0.000
1/1/19;12:15:00 AM;0.000
1/1/19;12:30:00 AM;0.000
1/1/19;12:45:00 AM;0.000
1/1/19;1:00:00 AM;0.000
1/1/19;1:15:00 AM;0.000
1/1/19;1:30:00 AM;0.000
1/1/19;1:45:00 AM;0.000
1/1/19;2:00:00 AM;0.000
1/1/19;2:15:00 AM;0.000
1/1/19;2:30:00 AM;0.000
1/1/19;2:45:00 AM;0.000
1/1/19;3:00:00 AM;0.000
1/1/19;3:15:00 AM;0.000
1/1/19;3:30:00 AM;0.000
1/1/19;3:45:00 AM;0.000
1/1/19;4:00:00 AM;0.000
1/1/19;4:15:00 AM;0.000
1/1/19;4:30:00 AM;0.000
1/1/19;4:45:00 AM;0.000
1/1/19;5:00:00 AM;0.000
1/1/19;5:15:00 AM;0.000
1/1/19;5:30:00 AM;0.000
1/1/19;5:45:00 AM;0.000
1/1/19;6:00:00 AM;0.000
1/1/19;6:15:00 AM;0.000
1/1/19;6:30:00 AM;0.000
1/1/19;6:45:00 AM;0.000
1/1/19;7:00:00 AM;0.000
1/1/19;7:15:00 AM;0.000
1/1/19;7:30:00 AM;0.000
1/1/19;7:45:00 AM;0.000
1/1/19;8:00:00 AM;0.000
1/1/19;8:15:00 AM;0.000
1/1/19;8:30:00 AM;0.000
1/1/19;8:45:00 AM;0.000
1/1/19;9:00:00 AM;0.000
1/1/19;9:15:00 AM;0.000
1/1/19;9:30:00 AM;0.000
1/1/19;9:45:00 AM;0.000
1/1/19;10:00:00 AM;0.000
1/1/19;10:15:00 AM;0.000
1/1/19;10:30:00 AM;0.000
1/1/19;10:45:00 AM;0.000
1/1/19;11:00:00 AM;0.000
1/1/19;11:15:00 AM;0.000
1/1/19;11:30:00 AM;0.000
1/1/19;11:45:00 AM;0.000
1/1/19;12:00:00 PM;0.000
1/1/19;12:15:00 PM;0.000
1/1/19;12:30:00 PM;0.000
1/1/19;12:45:00 PM;0.000
1/1/19;1:00:00 PM;0.000
1/1/19;1:15:00 PM;0.000
1/1/19;1:30:00 PM;0.000
1/1/19;1:45:00 PM;0.000
1/1/19;2:00:00 PM;0.000
1/1/19;2:15:00 PM;0.000
1/1/19;2:30:00 PM;0.000
1/1/19;2:45:00 PM;0.000
1/1/19;3:00:00 PM;0.000
1/1/19;3:15:00 PM;0.000
1/1/19;3:30:00 PM;0.000
1/1/19;3:45:00 PM;0.000
1/1/19;4:00:00 PM;0.000
1/1/19;4:15:00 PM;0.000
1/1/19;4:30:00 PM;0.000
1/1/19;4:45:00 PM;0.000
1/1/19;5:00:00 PM;0.000
1/1/19;5:15:00 PM;0.000
1/1/19;5:30:00 PM;0.000
1/1/19;5:45:00 PM;0.000
1/1/19;6:00:00 PM;0.000
1/1/19;6:15:00 PM;0.000
1/1/19;6:30:00 PM;0.000
1/1/19;6:45:00 PM;0.000
1/1/19;7:00:00 PM;0.000
1/1/19;7:15:00 PM;0.000
1/1/19;7:30:00 PM;0.000
1/1/19;7:45:00 PM;0.000
1/1/19;8:00:00 PM;0.000
1/1/19;8:15:00 PM;0.000
1/1/19;8:30:00 PM;0.000
1/1/19;8:45:00 PM;0.000
1/1/19;9:00:00 PM;0.000
1/1/19;9:15:00 PM;0.000
1/1/19;9:30:00 PM;0.000
1/1/19;9:45:00 PM;0.000
1/1/19;10:00:00 PM;0.000
1/1/19;10:15:00 PM;0.000
1/1/19;10:30:00 PM;0.000
1/1/19;10:45:00 PM;0.000
1/1/19;11:00:00 PM;0.000
1/1/19;11:15:00 PM;0.000
1/1/19;11:30:00 PM;0.000
1/1/19;11:45:00 PM;0.000
1/2/19;12:00:00 AM;0.000
1/2/19;12:15:00 AM;0.000
1/2/19;12:30:00 AM;0.000
1/2/19;12:45:00 AM;0.000
1/2/19;1:00:00 AM;0.000
1/2/19;1:15:00 AM;0.000
1/2/19;1:30:00 AM;0.000
1/2/19;1:45:00 AM;0.000
1/2/19;2:00:00 AM;0.000
1/2/19;2:15:00 AM;0.000
1/2/19;2:30:00 AM;0.000
1/2/19;2:45:00 AM;0.000
1/2/19;3:00:00 AM;0.000
1/2/19;3:15:00 AM;0.000
1/2/19;3:30:00 AM;0.000
1/2/19;3:45:00 AM;0.000
1/2/19;4:00:00 AM;0.000
1/2/19;4:15:00 AM;0.000
1/2/19;4:30:00 AM;0.000
1/2/19;4:45:00 AM;0.000
1/2/19;5:00:00 AM;0.000
1/2/19;5:15:00 AM;0.000
1/2/19;5:30:00 AM;0.000
1/2/19;5:45:00 AM;0.000
1/2/19;6:00:00 AM;0.000
1/2/19;6:15:00 AM;0.000
1/2/19;6:30:00 AM;0.000
1/2/19;6:45:00 AM;0.000
1/2/19;7:00:00 AM;0.000
1/2/19;7:15:00 AM;0.000
1/2/19;7:30:00 AM;0.000
1/2/19;7:45:00 AM;0.000
1/2/19;8:00:00 AM;0.000
1/2/19;8:15:00 AM;0.000
1/2/19;8:30:00 AM;0.000
1/2/19;8:45:00 AM;0.000
1/2/19;9:00:00 AM;0.000
1/2/19;9:15:00 AM;0.000
1/2/19;9:30:00 AM;0.000
1/2/19;9:45:00 AM;0.000
1/2/19;10:00:00 AM;0.000
1/2/19;10:15:00 AM;0.000
1/2/19;10:30:00 AM;0.000
1/2/19;10:45:00 AM;0.000
1/2/19;11:00:00 AM;0.000
1/2/19;11:15:00 AM;0.000
1/2/19;11:30:00 AM;0.000
1/2/19;11:45:00 AM;0.000
1/2/19;12:00:00 PM;0.000
1/2/19;12:15:00 PM;0.000
1/2/19;12:30:00 PM;0.000
1/2/19;12:45:00 PM;0.000
1/2/19;1:00:00 PM;0.000
1/2/19;1:15:00 PM;0.000
1/2/19;1:30:00 PM;0.000
1/2/19;1:45:00 PM;0.000
1/2/19;2:00:00 PM;0.000
1/2/19;2:15:00 PM;0.000
1/2/19;2:30:00 PM;0.000
1/2/19;2:45:00 PM;0.000
1/2/19;3:00:00 PM;0.000
1/2/19;3:15:00 PM;0.000
1/2/19;3:30:00 PM;0.000
1/2/19;3:45:00 PM;0.000
1/2/19;4:00:00 PM;0.000
1/2/19;4:15:00 PM;0.000
1/2/19;4:30:00 PM;0.000
1/2/19;4:45:00 PM;0.000
1/2/19;5:00:00 PM;0.000
1/2/19;5:15:00 PM;0.000
1/2/19;5:30:00 PM;0.000
1/2/19;5:45:00 PM;0.000
1/2/19;6:00:00 PM;0.000
1/2/19;6:15:00 PM;0.000
1/2/19;6:30:00 PM;0.000
1/2/19;6:45:00 PM;0.000
1/2/19;7:00:00 PM;0.000
1/2/19;7:15:00 PM;0.000
1/2/19;7:30:00 PM;0.000
1/2/19;7:45:00 PM;0.000
1/2/19;8:00:00 PM;0.000
1/2/19;8:15:00 PM;0.000
1/2/19;8:30:00 PM;0.000
1/2/19;8:45:00 PM;0.000
1/2/19;9:00:00 PM;0.000
1/2/19;9:15:00 PM;0.000
1/2/19;9:30:00 PM;0.000
1/2/19;9:45:00 PM;0.000
1/2/19;10:00:00 PM;0.000
1/2/19;10:15:00 PM;0.000
1/2/19;10:30:00 PM;0.000
1/2/19;10:45:00 PM;0.000
1/2/19;11:00:00 PM;0.000
1/2/19;11:15:00 PM;0.000
1/2/19;11:30:00 PM;0.000
1/2/19;11:45:00 PM;0.000
1/3/19;12:00:00 AM;0.000
1/3/19;12:15:00 AM;0.000
1/3/19;12:30:00 AM;0.000
1/3/19;12:45:00 AM;0.000
1/3/19;1:00:00 AM;0.000
1/3/19;1:15:00 AM;0.000
1/3/19;1:30:00 AM;0.000
1/3/19;1:45:00 AM;0.000
1/3/19;2:00:00 AM;0.000
1/3/19;2:15:00 AM;0.000
1/3/19;2:30:00 AM;0.000
1/3/19;2:45:00 AM;0.000
1/3/19;3:00:00 AM;0.000
1/3/19;3:15:00 AM;0.000
1/3/19;3:30:00 AM;0.000
1/3/19;3:45:00 AM;0.000
1/3/19;4:00:00 AM;0.000
1/3/19;4:15:00 AM;0.000
1/3/19;4:30:00 AM;0.000
1/3/19;4:45:00 AM;0.000
1/3/19;5:00:00 AM;0.000
1/3/19;5:15:00 AM;0.000
1/3/19;5:30:00 AM;0.000
1/3/19;5:45:00 AM;0.000
1/3/19;6:00:00 AM;0.000
1/3/19;6:15:00 AM;0.000
1/3/19;6:30:00 AM;0.000
1/3/19;6:45:00 AM;0.000
1/3/19;7:00:00 AM;0.000
1/3/19;7:15:00 AM;0.000
1/3/19;7:30:00 AM;0.000
1/3/19;7:45:00 AM;0.000
1/3/19;8:00:00 AM;0.000
1/3/19;8:15:00 AM;0.000
1/3/19;8:30:00 AM;0.000
1/3/19;8:45:00 AM;0.000
1/3/19;9:00:00 AM;0.000
1/3/19;9:15:00 AM;0.000
1/3/19;9:30:00 AM;0.000
1/3/19;9:45:00 AM;0.000
1/3/19;10:00:00 AM;0.000
1/3/19;10:15:00 AM;0.000
1/3/19;10:30:00 AM;0.000
1/3/19;10:45:00 AM;0.000
1/3/19;11:00:00 AM;0.000
1/3/19;11:15:00 AM;0.000
1/3/19;11:30:00 AM;0.000
1/3/19;11:45:00 AM;0.000
1/3/19;12:00:00 PM;0.000
1/3/19;12:15:00 PM;0.000
1/3/19;12:30:00 PM;0.000
1/3/19;12:45:00 PM;0.000
1/3/19;1:00:00 PM;0.000
1/3/19;1:15:00 PM;0.000
1/3/19;1:30:00 PM;0.000
1/3/19;1:45:00 PM;0.000
1/3/19;2:00:00 PM;0.000
1/3/19;2:15:00 PM;0.000
1/3/19;2:30:00 PM;0.000
1/3/19;2:45:00 PM;0.000
1/3/19;3:00:00 PM;0.000
1/3/19;3:15:00 PM;0.000
1/3/19;3:30:00 PM;0.000
1/3/19;3:45:00 PM;0.000
1/3/19;4:00:00 PM;0.000
1/3/19;4:15:00 PM;0.000
1/3/19;4:30:00 PM;0.000
1/3/19;4:45:00 PM;0.000
1/3/19;5:00:00 PM;0.000
1/3/19;5:15:00 PM;0.000
1/3/19;5:30:00 PM;0.000
1/3/19;5:45:00 PM;0.000
1/3/19;6:00:00 PM;0.000
1/3/19;6:15:00 PM;0.000
1/3/19;6:30:00 PM;0.000
1/3/19;6:45:00 PM;0.000
1/3/19;7:00:00 PM;0.000
1/3/19;7:15:00 PM;0.000
1/3/19;7:30:00 PM;0.000
1/3/19;7:45:00 PM;0.000
1/3/19;8:00:00 PM;0.000
1/3/19;8:15:00 PM;0.000
1/3/19;8:30:00 PM;0.000
1/3/19;8:45:00 PM;0.000
1/3/19;9:00:00 PM;0.000
1/3/19;9:15:00 PM;0.000
1/3/19;9:30:00 PM;0.000
1/3/19;9:45:00 PM;0.000
1/3/19;10:00:00 PM;0.000
1/3/19;10:15:00 PM;0.000
1/3/19;10:30:00 PM;0.000
1/3/19;10:45:00 PM;0.000
1/3/19;11:00:00 PM;0.000
1/3/19;11:15:00 PM;0.000
1/3/19;11:30:00 PM;0.000
1/3/19;11:45:00 PM;0.000
1/4/19;12:00:00 AM;0.000
1/4/19;12:15:00 AM;0.000
1/4/19;12:30:00 AM;0.000
1/4/19;12:45:00 AM;0.000
1/4/19;1:00:00 AM;0.000
1/4/19;1:15:00 AM;0.000
1/4/19;1:30:00 AM;0.000
1/4/19;1:45:00 AM;0.000
1/4/19;2:00:00 AM;0.000
1/4/19;2:15:00 AM;0.000
1/4/19;2:30:00 AM;0.000
1/4/19;2:45:00 AM;0.000
1/4/19;3:00:00 AM;0.000
1/4/19;3:15:00 AM;0.000
1/4/19;3:30:00 AM;0.000
1/4/19;3:45:00 AM;0.000
1/4/19;4:00:00 AM;0.000
1/4/19;4:15:00 AM;0.000
1/4/19;4:30:00 AM;0.000
1/4/19;4:45:00 AM;0.000
1/4/19;5:00:00 AM;0.000
1/4/19;5:15:00 AM;0.000
1/4/19;5:30:00 AM;0.000
1/4/19;5:45:00 AM;0.000
1/4/19;6:00:00 AM;0.000
1/4/19;6:15:00 AM;0.000
1/4/19;6:30:00 AM;0.000
1/4/19;6:45:00 AM;0.000
1/4/19;7:00:00 AM;0.000
1/4/19;7:15:00 AM;0.000
1/4/19;7:30:00 AM;0.000
1/4/19;7:45:00 AM;0.000
1/4/19;8:00:00 AM;0.000
1/4/19;8:15:00 AM;0.000
1/4/19;8:30:00 AM;0.000
1/4/19;8:45:00 AM;0.000
1/4/19;9:00:00 AM;0.000
1/4/19;9:15:00 AM;0.000
1/4/19;9:30:00 AM;0.000
1/4/19;9:45:00 AM;0.000
1/4/19;10:00:00 AM;0.000
1/4/19;10:15:00 AM;0.000
1/4/19;10:30:00 AM;0.000
1/4/19;10:45:00 AM;0.000
1/4/19;11:00:00 AM;0.000
1/4/19;11:15:00 AM;0.000
1/4/19;11:30:00 AM;0.000
1/4/19;11:45:00 AM;0.000
1/4/19;12:00:00 PM;0.000
1/4/19;12:15:00 PM;0.000
1/4/19;12:30:00 PM;0.000
1/4/19;12:45:00 PM;0.000
1/4/19;1:00:00 PM;0.000
1/4/19;1:15:00 PM;0.000
1/4/19;1:30:00 PM;0.000
1/4/19;1:45:00 PM;0.000
1/4/19;2:00:00 PM;0.000
1/4/19;2:15:00 PM;0.000
1/4/19;2:30:00 PM;0.000
1/4/19;2:45:00 PM;0.000
1/4/19;3:00:00 PM;0.000
1/4/19;3:15:00 PM;0.000
1/4/19;3:30:00 PM;0.000
1/4/19;3:45:00 PM;0.000
1/4/19;4:00:00 PM;0.000
1/4/19;4:15:00 PM;0.000
1/4/19;4:30:00 PM;0.000
1/4/19;4:45:00 PM;0.000
1/4/19;5:00:00 PM;0.000
1/4/19;5:15:00 PM;0.000
1/4/19;5:30:00 PM;0.000
1/4/19;5:45:00 PM;0.000
1/4/19;6:00:00 PM;0.000
1/4/19;6:15:00 PM;0.000
1/4/19;6:30:00 PM;0.000
1/4/19;6:45:00 PM;0.000
1/4/19;7:00:00 PM;0.000
1/4/19;7:15:00 PM;0.000
1/4/19;7:30:00 PM;0.000
1/4/19;7:45:00 PM;0.000
1/4/19;8:00:00 PM;0.000
1/4/19;8:15:00 PM;0.000
1/4/19;8:30:00 PM;0.000
1/4/19;8:45:00 PM;0.000
1/4/19;9:00:00 PM;0.000
1/4/19;9:15:00 PM;0.000
1/4/19;9:30:00 PM;0.000
1/4/19;9:45:00 PM;0.000
1/4/19;10:00:00 PM;0.000
1/4/19;10:15:00 PM;0.000
1/4/19;10:30:00 PM;0.000
1/4/19;10:45:00 PM;0.000
1/4/19;11:00:00 PM;0.000
1/4/19;11:15:00 PM;0.000
1/4/19;11:30:00 PM;0.000
1/4/19;11:45:00 PM;0.000
1/5/19;12:00:00 AM;0.000
1/5/19;12:15:00 AM;0.000
1/5/19;12:30:00 AM;0.000
1/5/19;12:45:00 AM;0.000
1/5/19;1:00:00 AM;0.000
1/5/19;1:15:00 AM;0.000
1/5/19;1:30:00 AM;0.000
1/5/19;1:45:00 AM;0.000
1/5/19;2:00:00 AM;0.000
1/5/19;2:15:00 AM;0.000
1/5/19;2:30:00 AM;0.000
1/5/19;2:45:00 AM;0.000
1/5/19;3:00:00 AM;0.000
1/5/19;3:15:00 AM;0.000
1/5/19;3:30:00 AM;0.000
1/5/19;3:45:00 AM;0.000
1/5/19;4:00:00 AM;0.000
1/5/19;4:15:00 AM;0.000
1/5/19;4:30:00 AM;0.000
1/5/19;4:45:00 AM;0.000
1/5/19;5:00:00 AM;0.000
1/5/19;5:15:00 AM;0.000
1/5/19;5:30:00 AM;0.000
1/5/19;5:45:00 AM;0.000
1/5/19;6:00:00 AM;0.000
1/5/19;6:15:00 AM;0.000
1/5/19;6:30:00 AM;0.000
1/5/19;6:45:00 AM;0.000
1/5/19;7:00:00 AM;0.000
1/5/19;7:15:00 AM;0.000
1/5/19;7:30:00 AM;0.000
1/5/19;7:45:00 AM;0.000
1/5/19;8:00:00 AM;0.000
1/5/19;8:15:00 AM;0.000
1/5/19;8:30:00 AM;0.000
1/5/19;8:45:00 AM;0.000
1/5/19;9:00:00 AM;0.000
1/5/19;9:15:00 AM;0.000
1/5/19;9:30:00 AM;0.000
1/5/19;9:45:00 AM;0.000
1/5/19;10:00:00 AM;0.000
1/5/19;10:15:00 AM;0.000
1/5/19;10:30:00 AM;0.000
1/5/19;10:45:00 AM;0.000
1/5/19;11:00:00 AM;0.000
1/5/19;11:15:00 AM;0.000
1/5/19;11:30:00 AM;0.000
1/5/19;11:45:00 AM;0.012
1/5/19;12:00:00 PM;0.035
1/5/19;12:15:00 PM;0.024
1/5/19;12:30:00 PM;0.039
1/5/19;12:45:00 PM;0.047
1/5/19;1:00:00 PM;0.094
1/5/19;1:15:00 PM;0.063
1/5/19;1:30:00 PM;0.031
1/5/19;1:45:00 PM;0.012
1/5/19;2:00:00 PM;0.008
1/5/19;2:15:00 PM;0.020
1/5/19;2:30:00 PM;0.020
1/5/19;2:45:00 PM;0.031
1/5/19;3:00:00 PM;0.024
1/5/19;3:15:00 PM;0.016
1/5/19;3:30:00 PM;0.016
1/5/19;3:45:00 PM;0.004
1/5/19;4:00:00 PM;0.004
1/5/19;4:15:00 PM;0.000
1/5/19;4:30:00 PM;0.000
1/5/19;4:45:00 PM;0.000
1/5/19;5:00:00 PM;0.000
1/5/19;5:15:00 PM;0.000
1/5/19;5:30:00 PM;0.000
1/5/19;5:45:00 PM;0.000
1/5/19;6:00:00 PM;0.000
1/5/19;6:15:00 PM;0.024
1/5/19;6:30:00 PM;0.043
1/5/19;6:45:00 PM;0.035
1/5/19;7:00:00 PM;0.012
1/5/19;7:15:00 PM;0.004
1/5/19;7:30:00 PM;0.000
1/5/19;7:45:00 PM;0.004
1/5/19;8:00:00 PM;0.004
1/5/19;8:15:00 PM;0.004
1/5/19;8:30:00 PM;0.000
1/5/19;8:45:00 PM;0.000
1/5/19;9:00:00 PM;0.000
1/5/19;9:15:00 PM;0.000
1/5/19;9:30:00 PM;0.000
1/5/19;9:45:00 PM;0.000
1/5/19;10:00:00 PM;0.000
1/5/19;10:15:00 PM;0.000
1/5/19;10:30:00 PM;0.004
1/5/19;10:45:00 PM;0.000
1/5/19;11:00:00 PM;0.000
1/5/19;11:15:00 PM;0.000
1/5/19;11:30:00 PM;0.000
1/5/19;11:45:00 PM;0.000
1/6/19;12:00:00 AM;0.000
1/6/19;12:15:00 AM;0.000
1/6/19;12:30:00 AM;0.012
1/6/19;12:45:00 AM;0.043
1/6/19;1:00:00 AM;0.016
1/6/19;1:15:00 AM;0.000
1/6/19;1:30:00 AM;0.000
1/6/19;1:45:00 AM;0.000
1/6/19;2:00:00 AM;0.000
1/6/19;2:15:00 AM;0.000
1/6/19;2:30:00 AM;0.000
1/6/19;2:45:00 AM;0.000
1/6/19;3:00:00 AM;0.000
1/6/19;3:15:00 AM;0.000
1/6/19;3:30:00 AM;0.000
1/6/19;3:45:00 AM;0.000
1/6/19;4:00:00 AM;0.000
1/6/19;4:15:00 AM;0.000
1/6/19;4:30:00 AM;0.000
1/6/19;4:45:00 AM;0.000
1/6/19;5:00:00 AM;0.000
1/6/19;5:15:00 AM;0.000
1/6/19;5:30:00 AM;0.000
1/6/19;5:45:00 AM;0.000
1/6/19;6:00:00 AM;0.000
1/6/19;6:15:00 AM;0.004
1/6/19;6:30:00 AM;0.000
1/6/19;6:45:00 AM;0.000
1/6/19;7:00:00 AM;0.000
1/6/19;7:15:00 AM;0.000
1/6/19;7:30:00 AM;0.000
1/6/19;7:45:00 AM;0.000
1/6/19;8:00:00 AM;0.000
1/6/19;8:15:00 AM;0.000
1/6/19;8:30:00 AM;0.000
1/6/19;8:45:00 AM;0.000
1/6/19;9:00:00 AM;0.000
1/6/19;9:15:00 AM;0.000
1/6/19;9:30:00 AM;0.000
1/6/19;9:45:00 AM;0.000
1/6/19;10:00:00 AM;0.000
1/6/19;10:15:00 AM;0.000
1/6/19;10:30:00 AM;0.000
1/6/19;10:45:00 AM;0.000
1/6/19;11:00:00 AM;0.000
1/6/19;11:15:00 AM;0.000
1/6/19;11:30:00 AM;0.000
1/6/19;11:45:00 AM;0.008
1/6/19;12:00:00 PM;0.000
1/6/19;12:15:00 PM;0.000
1/6/19;12:30:00 PM;0.000
1/6/19;12:45:00 PM;0.000
1/6/19;1:00:00 PM;0.000
1/6/19;1:15:00 PM;0.000
1/6/19;1:30:00 PM;0.000
1/6/19;1:45:00 PM;0.000
1/6/19;2:00:00 PM;0.000
1/6/19;2:15:00 PM;0.000
1/6/19;2:30:00 PM;0.000
1/6/19;2:45:00 PM;0.000
1/6/19;3:00:00 PM;0.000
1/6/19;3:15:00 PM;0.000
1/6/19;3:30:00 PM;0.000
1/6/19;3:45:00 PM;0.000
1/6/19;4:00:00 PM;0.004
1/6/19;4:15:00 PM;0.012
1/6/19;4:30:00 PM;0.020
1/6/19;4:45:00 PM;0.000
1/6/19;5:00:00 PM;0.008
1/6/19;5:15:00 PM;0.020
1/6/19;5:30:00 PM;0.028
1/6/19;5:45:00 PM;0.020
1/6/19;6:00:00 PM;0.024
1/6/19;6:15:00 PM;0.024
1/6/19;6:30:00 PM;0.055
1/6/19;6:45:00 PM;0.079
1/6/19;7:00:00 PM;0.059
1/6/19;7:15:00 PM;0.047
1/6/19;7:30:00 PM;0.047
1/6/19;7:45:00 PM;0.043
1/6/19;8:00:00 PM;0.087
1/6/19;8:15:00 PM;0.118
1/6/19;8:30:00 PM;0.075
1/6/19;8:45:00 PM;0.071
1/6/19;9:00:00 PM;0.039
1/6/19;9:15:00 PM;0.043
1/6/19;9:30:00 PM;0.079
1/6/19;9:45:00 PM;0.055
1/6/19;10:00:00 PM;0.047
1/6/19;10:15:00 PM;0.043
1/6/19;10:30:00 PM;0.031
1/6/19;10:45:00 PM;0.035
1/6/19;11:00:00 PM;0.039
1/6/19;11:15:00 PM;0.031
1/6/19;11:30:00 PM;0.031
1/6/19;11:45:00 PM;0.020
1/7/19;12:00:00 AM;0.016
1/7/19;12:15:00 AM;0.008
1/7/19;12:30:00 AM;0.024
1/7/19;12:45:00 AM;0.012
1/7/19;1:00:00 AM;0.016
1/7/19;1:15:00 AM;0.020
1/7/19;1:30:00 AM;0.024
1/7/19;1:45:00 AM;0.016
1/7/19;2:00:00 AM;0.008
1/7/19;2:15:00 AM;0.008
1/7/19;2:30:00 AM;0.004
1/7/19;2:45:00 AM;0.012
1/7/19;3:00:00 AM;0.004
1/7/19;3:15:00 AM;0.004
1/7/19;3:30:00 AM;0.000
1/7/19;3:45:00 AM;0.000
1/7/19;4:00:00 AM;0.000
1/7/19;4:15:00 AM;0.000
1/7/19;4:30:00 AM;0.004
1/7/19;4:45:00 AM;0.000
1/7/19;5:00:00 AM;0.000
1/7/19;5:15:00 AM;0.000
1/7/19;5:30:00 AM;0.000
1/7/19;5:45:00 AM;0.000
1/7/19;6:00:00 AM;0.000
1/7/19;6:15:00 AM;0.000
1/7/19;6:30:00 AM;0.000
1/7/19;6:45:00 AM;0.000
1/7/19;7:00:00 AM;0.000
1/7/19;7:15:00 AM;0.000
1/7/19;7:30:00 AM;0.000
1/7/19;7:45:00 AM;0.000
1/7/19;8:00:00 AM;0.000
1/7/19;8:15:00 AM;0.000
1/7/19;8:30:00 AM;0.000
1/7/19;8:45:00 AM;0.000
1/7/19;9:00:00 AM;0.000
1/7/19;9:15:00 AM;0.000
1/7/19;9:30:00 AM;0.000
1/7/19;9:45:00 AM;0.000
1/7/19;10:00:00 AM;0.000
1/7/19;10:15:00 AM;0.000
1/7/19;10:30:00 AM;0.000
1/7/19;10:45:00 AM;0.000
1/7/19;11:00:00 AM;0.000
1/7/19;11:15:00 AM;0.000
1/7/19;11:30:00 AM;0.000
1/7/19;11:45:00 AM;0.000
1/7/19;12:00:00 PM;0.000
1/7/19;12:15:00 PM;0.000
1/7/19;12:30:00 PM;0.000
1/7/19;12:45:00 PM;0.000
1/7/19;1:00:00 PM;0.000
1/7/19;1:15:00 PM;0.000
1/7/19;1:30:00 PM;0.000
1/7/19;1:45:00 PM;0.000
1/7/19;2:00:00 PM;0.000
1/7/19;2:15:00 PM;0.000
1/7/19;2:30:00 PM;0.000
1/7/19;2:45:00 PM;0.000
1/7/19;3:00:00 PM;0.000
1/7/19;3:15:00 PM;0.000
1/7/19;3:30:00 PM;0.000
1/7/19;3:45:00 PM;0.000
1/7/19;4:00:00 PM;0.000
1/7/19;4:15:00 PM;0.000
1/7/19;4:30:00 PM;0.000
1/7/19;4:45:00 PM;0.000
1/7/19;5:00:00 PM;0.000
1/7/19;5:15:00 PM;0.000
1/7/19;5:30:00 PM;0.000
1/7/19;5:45:00 PM;0.000
1/7/19;6:00:00 PM;0.000
1/7/19;6:15:00 PM;0.000
1/7/19;6:30:00 PM;0.000
1/7/19;6:45:00 PM;0.000
1/7/19;7:00:00 PM;0.000
1/7/19;7:15:00 PM;0.000
1/7/19;7:30:00 PM;0.000
1/7/19;7:45:00 PM;0.000
1/7/19;8:00:00 PM;0.000
1/7/19;8:15:00 PM;0.000
1/7/19;8:30:00 PM;0.000
1/7/19;8:45:00 PM;0.000
1/7/19;9:00:00 PM;0.000
1/7/19;9:15:00 PM;0.000
1/7/19;9:30:00 PM;0.000
1/7/19;9:45:00 PM;0.000
1/7/19;10:00:00 PM;0.000
1/7/19;10:15:00 PM;0.000
1/7/19;10:30:00 PM;0.000
1/7/19;10:45:00 PM;0.000
1/7/19;11:00:00 PM;0.000
1/7/19;11:15:00 PM;0.000
1/7/19;11:30:00 PM;0.000
1/7/19;11:45:00 PM;0.000
1/8/19;12:00:00 AM;0.000
1/8/19;12:15:00 AM;0.000
1/8/19;12:30:00 AM;0.000
1/8/19;12:45:00 AM;0.000
1/8/19;1:00:00 AM;0.000
1/8/19;1:15:00 AM;0.000
1/8/19;1:30:00 AM;0.000
1/8/19;1:45:00 AM;0.000
1/8/19;2:00:00 AM;0.000
1/8/19;2:15:00 AM;0.000
1/8/19;2:30:00 AM;0.000
1/8/19;2:45:00 AM;0.000
1/8/19;3:00:00 AM;0.000
1/8/19;3:15:00 AM;0.000
1/8/19;3:30:00 AM;0.000
1/8/19;3:45:00 AM;0.000
1/8/19;4:00:00 AM;0.000
1/8/19;4:15:00 AM;0.000
1/8/19;4:30:00 AM;0.000
1/8/19;4:45:00 AM;0.000
1/8/19;5:00:00 AM;0.000
1/8/19;5:15:00 AM;0.000
1/8/19;5:30:00 AM;0.000
1/8/19;5:45:00 AM;0.000
1/8/19;6:00:00 AM;0.000
1/8/19;6:15:00 AM;0.000
1/8/19;6:30:00 AM;0.000
1/8/19;6:45:00 AM;0.000
1/8/19;7:00:00 AM;0.000
1/8/19;7:15:00 AM;0.000
1/8/19;7:30:00 AM;0.000
1/8/19;7:45:00 AM;0.000
1/8/19;8:00:00 AM;0.000
1/8/19;8:15:00 AM;0.000
1/8/19;8:30:00 AM;0.000
1/8/19;8:45:00 AM;0.000
1/8/19;9:00:00 AM;0.000
1/8/19;9:15:00 AM;0.000
1/8/19;9:30:00 AM;0.000
1/8/19;9:45:00 AM;0.000
1/8/19;10:00:00 AM;0.000
1/8/19;10:15:00 AM;0.000
1/8/19;10:30:00 AM;0.000
1/8/19;10:45:00 AM;0.000
1/8/19;11:00:00 AM;0.000
1/8/19;11:15:00 AM;0.000
1/8/19;11:30:00 AM;0.000
1/8/19;11:45:00 AM;0.000
1/8/19;12:00:00 PM;0.000
1/8/19;12:15:00 PM;0.000
1/8/19;12:30:00 PM;0.000
1/8/19;12:45:00 PM;0.000
1/8/19;1:00:00 PM;0.000
1/8/19;1:15:00 PM;0.000
1/8/19;1:30:00 PM;0.000
1/8/19;1:45:00 PM;0.000
1/8/19;2:00:00 PM;0.000
1/8/19;2:15:00 PM;0.000
1/8/19;2:30:00 PM;0.000
1/8/19;2:45:00 PM;0.000
1/8/19;3:00:00 PM;0.000
1/8/19;3:15:00 PM;0.000
1/8/19;3:30:00 PM;0.000
1/8/19;3:45:00 PM;0.000
1/8/19;4:00:00 PM;0.000
1/8/19;4:15:00 PM;0.000
1/8/19;4:30:00 PM;0.000
1/8/19;4:45:00 PM;0.000
1/8/19;5:00:00 PM;0.000
1/8/19;5:15:00 PM;0.000
1/8/19;5:30:00 PM;0.000
1/8/19;5:45:00 PM;0.000
1/8/19;6:00:00 PM;0.000
1/8/19;6:15:00 PM;0.000
1/8/19;6:30:00 PM;0.000
1/8/19;6:45:00 PM;0.000
1/8/19;7:00:00 PM;0.000
1/8/19;7:15:00 PM;0.000
1/8/19;7:30:00 PM;0.000
1/8/19;7:45:00 PM;0.000
1/8/19;8:00:00 PM;0.000
1/8/19;8:15:00 PM;0.000
1/8/19;8:30:00 PM;0.000
1/8/19;8:45:00 PM;0.000
1/8/19;9:00:00 PM;0.000
1/8/19;9:15:00 PM;0.000
1/8/19;9:30:00 PM;0.000
1/8/19;9:45:00 PM;0.000
1/8/19;10:00:00 PM;0.000
1/8/19;10:15:00 PM;0.000
1/8/19;10:30:00 PM;0.000
1/8/19;10:45:00 PM;0.000
1/8/19;11:00:00 PM;0.000
1/8/19;11:15:00 PM;0.000
1/8/19;11:30:00 PM;0.000
1/8/19;11:45:00 PM;0.000
1/9/19;12:00:00 AM;0.000
1/9/19;12:15:00 AM;0.000
1/9/19;12:30:00 AM;0.000
1/9/19;12:45:00 AM;0.000
1/9/19;1:00:00 AM;0.000
1/9/19;1:15:00 AM;0.000
1/9/19;1:30:00 AM;0.000
1/9/19;1:45:00 AM;0.000
1/9/19;2:00:00 AM;0.000
1/9/19;2:15:00 AM;0.000
1/9/19;2:30:00 AM;0.000
1/9/19;2:45:00 AM;0.000
1/9/19;3:00:00 AM;0.000
1/9/19;3:15:00 AM;0.000
1/9/19;3:30:00 AM;0.000
1/9/19;3:45:00 AM;0.000
1/9/19;4:00:00 AM;0.000
1/9/19;4:15:00 AM;0.000
1/9/19;4:30:00 AM;0.000
1/9/19;4:45:00 AM;0.000
1/9/19;5:00:00 AM;0.000
1/9/19;5:15:00 AM;0.000
1/9/19;5:30:00 AM;0.000
1/9/19;5:45:00 AM;0.000
1/9/19;6:00:00 AM;0.000
1/9/19;6:15:00 AM;0.000
1/9/19;6:30:00 AM;0.000
1/9/19;6:45:00 AM;0.043
1/9/19;7:00:00 AM;0.039
1/9/19;7:15:00 AM;0.020
1/9/19;7:30:00 AM;0.031
1/9/19;7:45:00 AM;0.012
1/9/19;8:00:00 AM;0.008
1/9/19;8:15:00 AM;0.016
1/9/19;8:30:00 AM;0.012
1/9/19;8:45:00 AM;0.028
1/9/19;9:00:00 AM;0.004
1/9/19;9:15:00 AM;0.000
1/9/19;9:30:00 AM;0.004
1/9/19;9:45:00 AM;0.004
1/9/19;10:00:00 AM;0.008
1/9/19;10:15:00 AM;0.004
1/9/19;10:30:00 AM;0.008
1/9/19;10:45:00 AM;0.000
1/9/19;11:00:00 AM;0.000
1/9/19;11:15:00 AM;0.000
1/9/19;11:30:00 AM;0.000
1/9/19;11:45:00 AM;0.000
1/9/19;12:00:00 PM;0.000
1/9/19;12:15:00 PM;0.000
1/9/19;12:30:00 PM;0.000
1/9/19;12:45:00 PM;0.000
1/9/19;1:00:00 PM;0.028
1/9/19;1:15:00 PM;0.016
1/9/19;1:30:00 PM;0.000
1/9/19;1:45:00 PM;0.000
1/9/19;2:00:00 PM;0.000
1/9/19;2:15:00 PM;0.000
1/9/19;2:30:00 PM;0.000
1/9/19;2:45:00 PM;0.000
1/9/19;3:00:00 PM;0.004
1/9/19;3:15:00 PM;0.020
1/9/19;3:30:00 PM;0.012
1/9/19;3:45:00 PM;0.000
1/9/19;4:00:00 PM;0.004
1/9/19;4:15:00 PM;0.000
1/9/19;4:30:00 PM;0.000
1/9/19;4:45:00 PM;0.000
1/9/19;5:00:00 PM;0.000
1/9/19;5:15:00 PM;0.000
1/9/19;5:30:00 PM;0.000
1/9/19;5:45:00 PM;0.000
1/9/19;6:00:00 PM;0.000
1/9/19;6:15:00 PM;0.000
1/9/19;6:30:00 PM;0.000
1/9/19;6:45:00 PM;0.000
1/9/19;7:00:00 PM;0.000
1/9/19;7:15:00 PM;0.000
1/9/19;7:30:00 PM;0.000
1/9/19;7:45:00 PM;0.000
1/9/19;8:00:00 PM;0.000
1/9/19;8:15:00 PM;0.000
1/9/19;8:30:00 PM;0.000
1/9/19;8:45:00 PM;0.000
1/9/19;9:00:00 PM;0.000
1/9/19;9:15:00 PM;0.000
1/9/19;9:30:00 PM;0.000
1/9/19;9:45:00 PM;0.000
1/9/19;10:00:00 PM;0.000
1/9/19;10:15:00 PM;0.000
1/9/19;10:30:00 PM;0.000
1/9/19;10:45:00 PM;0.000
1/9/19;11:00:00 PM;0.000
1/9/19;11:15:00 PM;0.000
1/9/19;11:30:00 PM;0.000
1/9/19;11:45:00 PM;0.000
1/10/19;12:00:00 AM;0.000
1/10/19;12:15:00 AM;0.004
1/10/19;12:30:00 AM;0.000
1/10/19;12:45:00 AM;0.000
1/10/19;1:00:00 AM;0.000
1/10/19;1:15:00 AM;0.000
1/10/19;1:30:00 AM;0.000
1/10/19;1:45:00 AM;0.000
1/10/19;2:00:00 AM;0.000
1/10/19;2:15:00 AM;0.000
1/10/19;2:30:00 AM;0.000
1/10/19;2:45:00 AM;0.000
1/10/19;3:00:00 AM;0.000
1/10/19;3:15:00 AM;0.000
1/10/19;3:30:00 AM;0.000
1/10/19;3:45:00 AM;0.000
1/10/19;4:00:00 AM;0.000
1/10/19;4:15:00 AM;0.000
1/10/19;4:30:00 AM;0.000
1/10/19;4:45:00 AM;0.000
1/10/19;5:00:00 AM;0.000
1/10/19;5:15:00 AM;0.000
1/10/19;5:30:00 AM;0.000
1/10/19;5:45:00 AM;0.000
1/10/19;6:00:00 AM;0.000
1/10/19;6:15:00 AM;0.000
1/10/19;6:30:00 AM;0.000
1/10/19;6:45:00 AM;0.000
1/10/19;7:00:00 AM;0.000
1/10/19;7:15:00 AM;0.000
1/10/19;7:30:00 AM;0.000
1/10/19;7:45:00 AM;0.000
1/10/19;8:00:00 AM;0.000
1/10/19;8:15:00 AM;0.000
1/10/19;8:30:00 AM;0.000
1/10/19;8:45:00 AM;0.000
1/10/19;9:00:00 AM;0.000
1/10/19;9:15:00 AM;0.000
1/10/19;9:30:00 AM;0.000
1/10/19;9:45:00 AM;0.000
1/10/19;10:00:00 AM;0.000
1/10/19;10:15:00 AM;0.000
1/10/19;10:30:00 AM;0.000
1/10/19;10:45:00 AM;0.000
1/10/19;11:00:00 AM;0.000
1/10/19;11:15:00 AM;0.000
1/10/19;11:30:00 AM;0.000
1/10/19;11:45:00 AM;0.000
1/10/19;12:00:00 PM;0.000
1/10/19;12:15:00 PM;0.000
1/10/19;12:30:00 PM;0.000
1/10/19;12:45:00 PM;0.000
1/10/19;1:00:00 PM;0.000
1/10/19;1:15:00 PM;0.000
1/10/19;1:30:00 PM;0.000
1/10/19;1:45:00 PM;0.000
1/10/19;2:00:00 PM;0.000
1/10/19;2:15:00 PM;0.000
1/10/19;2:30:00 PM;0.000
1/10/19;2:45:00 PM;0.000
1/10/19;3:00:00 PM;0.000
1/10/19;3:15:00 PM;0.000
1/10/19;3:30:00 PM;0.000
1/10/19;3:45:00 PM;0.000
1/10/19;4:00:00 PM;0.000
1/10/19;4:15:00 PM;0.000
1/10/19;4:30:00 PM;0.000
1/10/19;4:45:00 PM;0.000
1/10/19;5:00:00 PM;0.000
1/10/19;5:15:00 PM;0.000
1/10/19;5:30:00 PM;0.000
1/10/19;5:45:00 PM;0.000
1/10/19;6:00:00 PM;0.000
1/10/19;6:15:00 PM;0.000
1/10/19;6:30:00 PM;0.000
1/10/19;6:45:00 PM;0.000
1/10/19;7:00:00 PM;0.000
1/10/19;7:15:00 PM;0.000
1/10/19;7:30:00 PM;0.000
1/10/19;7:45:00 PM;0.000
1/10/19;8:00:00 PM;0.000
1/10/19;8:15:00 PM;0.000
1/10/19;8:30:00 PM;0.000
1/10/19;8:45:00 PM;0.000
1/10/19;9:00:00 PM;0.000
1/10/19;9:15:00 PM;0.000
1/10/19;9:30:00 PM;0.000
1/10/19;9:45:00 PM;0.000
1/10/19;10:00:00 PM;0.000
1/10/19;10:15:00 PM;0.000
1/10/19;10:30:00 PM;0.000
1/10/19;10:45:00 PM;0.000
1/10/19;11:00:00 PM;0.000
1/10/19;11:15:00 PM;0.000
1/10/19;11:30:00 PM;0.000
1/10/19;11:45:00 PM;0.000
1/11/19;12:00:00 AM;0.000
1/11/19;12:15:00 AM;0.000
1/11/19;12:30:00 AM;0.000
1/11/19;12:45:00 AM;0.000
1/11/19;1:00:00 AM;0.000
1/11/19;1:15:00 AM;0.000
1/11/19;1:30:00 AM;0.000
1/11/19;1:45:00 AM;0.000
1/11/19;2:00:00 AM;0.000
1/11/19;2:15:00 AM;0.000
1/11/19;2:30:00 AM;0.000
1/11/19;2:45:00 AM;0.000
1/11/19;3:00:00 AM;0.000
1/11/19;3:15:00 AM;0.000
1/11/19;3:30:00 AM;0.000
1/11/19;3:45:00 AM;0.000
1/11/19;4:00:00 AM;0.000
1/11/19;4:15:00 AM;0.000
1/11/19;4:30:00 AM;0.000
1/11/19;4:45:00 AM;0.000
1/11/19;5:00:00 AM;0.000
1/11/19;5:15:00 AM;0.000
1/11/19;5:30:00 AM;0.000
1/11/19;5:45:00 AM;0.000
1/11/19;6:00:00 AM;0.000
1/11/19;6:15:00 AM;0.000
1/11/19;6:30:00 AM;0.000
1/11/19;6:45:00 AM;0.000
1/11/19;7:00:00 AM;0.000
1/11/19;7:15:00 AM;0.000
1/11/19;7:30:00 AM;0.000
1/11/19;7:45:00 AM;0.000
1/11/19;8:00:00 AM;0.000
1/11/19;8:15:00 AM;0.000
1/11/19;8:30:00 AM;0.000
1/11/19;8:45:00 AM;0.000
1/11/19;9:00:00 AM;0.000
1/11/19;9:15:00 AM;0.000
1/11/19;9:30:00 AM;0.000
1/11/19;9:45:00 AM;0.000
1/11/19;10:00:00 AM;0.000
1/11/19;10:15:00 AM;0.000
1/11/19;10:30:00 AM;0.000
1/11/19;10:45:00 AM;0.000
1/11/19;11:00:00 AM;0.000
1/11/19;11:15:00 AM;0.000
1/11/19;11:30:00 AM;0.000
1/11/19;11:45:00 AM;0.000
1/11/19;12:00:00 PM;0.000
1/11/19;12:15:00 PM;0.000
1/11/19;12:30:00 PM;0.000
1/11/19;12:45:00 PM;0.000
1/11/19;1:00:00 PM;0.000
1/11/19;1:15:00 PM;0.000
1/11/19;1:30:00 PM;0.000
1/11/19;1:45:00 PM;0.000
1/11/19;2:00:00 PM;0.000
1/11/19;2:15:00 PM;0.000
1/11/19;2:30:00 PM;0.000
1/11/19;2:45:00 PM;0.000
1/11/19;3:00:00 PM;0.000
1/11/19;3:15:00 PM;0.000
1/11/19;3:30:00 PM;0.000
1/11/19;3:45:00 PM;0.000
1/11/19;4:00:00 PM;0.000
1/11/19;4:15:00 PM;0.000
1/11/19;4:30:00 PM;0.000
1/11/19;4:45:00 PM;0.000
1/11/19;5:00:00 PM;0.000
1/11/19;5:15:00 PM;0.000
1/11/19;5:30:00 PM;0.000
1/11/19;5:45:00 PM;0.000
1/11/19;6:00:00 PM;0.000
1/11/19;6:15:00 PM;0.000
1/11/19;6:30:00 PM;0.000
1/11/19;6:45:00 PM;0.000
1/11/19;7:00:00 PM;0.000
1/11/19;7:15:00 PM;0.000
1/11/19;7:30:00 PM;0.000
1/11/19;7:45:00 PM;0.000
1/11/19;8:00:00 PM;0.000
1/11/19;8:15:00 PM;0.020
1/11/19;8:30:00 PM;0.012
1/11/19;8:45:00 PM;0.028
1/11/19;9:00:00 PM;0.043
1/11/19;9:15:00 PM;0.035
1/11/19;9:30:00 PM;0.043
1/11/19;9:45:00 PM;0.035
1/11/19;10:00:00 PM;0.043
1/11/19;10:15:00 PM;0.028
1/11/19;10:30:00 PM;0.035
1/11/19;10:45:00 PM;0.039
1/11/19;11:00:00 PM;0.035
1/11/19;11:15:00 PM;0.012
1/11/19;11:30:00 PM;0.012
1/11/19;11:45:00 PM;0.004
1/12/19;12:00:00 AM;0.004
1/12/19;12:15:00 AM;0.008
1/12/19;12:30:00 AM;0.008
1/12/19;12:45:00 AM;0.000
1/12/19;1:00:00 AM;0.000
1/12/19;1:15:00 AM;0.008
1/12/19;1:30:00 AM;0.000
1/12/19;1:45:00 AM;0.000
1/12/19;2:00:00 AM;0.000
1/12/19;2:15:00 AM;0.000
1/12/19;2:30:00 AM;0.004
1/12/19;2:45:00 AM;0.004
1/12/19;3:00:00 AM;0.000
1/12/19;3:15:00 AM;0.008
1/12/19;3:30:00 AM;0.008
1/12/19;3:45:00 AM;0.008
1/12/19;4:00:00 AM;0.012
1/12/19;4:15:00 AM;0.008
1/12/19;4:30:00 AM;0.008
1/12/19;4:45:00 AM;0.008
1/12/19;5:00:00 AM;0.004
1/12/19;5:15:00 AM;0.004
1/12/19;5:30:00 AM;0.000
1/12/19;5:45:00 AM;0.000
1/12/19;6:00:00 AM;0.004
1/12/19;6:15:00 AM;0.000
1/12/19;6:30:00 AM;0.000
1/12/19;6:45:00 AM;0.000
1/12/19;7:00:00 AM;0.000
1/12/19;7:15:00 AM;0.000
1/12/19;7:30:00 AM;0.000
1/12/19;7:45:00 AM;0.000
1/12/19;8:00:00 AM;0.000
1/12/19;8:15:00 AM;0.000
1/12/19;8:30:00 AM;0.000
1/12/19;8:45:00 AM;0.000
1/12/19;9:00:00 AM;0.000
1/12/19;9:15:00 AM;0.000
1/12/19;9:30:00 AM;0.000
1/12/19;9:45:00 AM;0.000
1/12/19;10:00:00 AM;0.000
1/12/19;10:15:00 AM;0.000
1/12/19;10:30:00 AM;0.000
1/12/19;10:45:00 AM;0.000
1/12/19;11:00:00 AM;0.000
1/12/19;11:15:00 AM;0.000
1/12/19;11:30:00 AM;0.004
1/12/19;11:45:00 AM;0.000
1/12/19;12:00:00 PM;0.000
1/12/19;12:15:00 PM;0.000
1/12/19;12:30:00 PM;0.000
1/12/19;12:45:00 PM;0.000
1/12/19;1:00:00 PM;0.000
1/12/19;1:15:00 PM;0.000
1/12/19;1:30:00 PM;0.000
1/12/19;1:45:00 PM;0.000
1/12/19;2:00:00 PM;0.000
1/12/19;2:15:00 PM;0.000
1/12/19;2:30:00 PM;0.000
1/12/19;2:45:00 PM;0.000
1/12/19;3:00:00 PM;0.000
1/12/19;3:15:00 PM;0.000
1/12/19;3:30:00 PM;0.000
1/12/19;3:45:00 PM;0.000
1/12/19;4:00:00 PM;0.000
1/12/19;4:15:00 PM;0.000
1/12/19;4:30:00 PM;0.000
1/12/19;4:45:00 PM;0.000
1/12/19;5:00:00 PM;0.000
1/12/19;5:15:00 PM;0.000
1/12/19;5:30:00 PM;0.000
1/12/19;5:45:00 PM;0.000
1/12/19;6:00:00 PM;0.000
1/12/19;6:15:00 PM;0.000
1/12/19;6:30:00 PM;0.000
1/12/19;6:45:00 PM;0.000
1/12/19;7:00:00 PM;0.000
1/12/19;7:15:00 PM;0.000
1/12/19;7:30:00 PM;0.000
1/12/19;7:45:00 PM;0.000
1/12/19;8:00:00 PM;0.000
1/12/19;8:15:00 PM;0.000
1/12/19;8:30:00 PM;0.000
1/12/19;8:45:00 PM;0.000
1/12/19;9:00:00 PM;0.000
1/12/19;9:15:00 PM;0.000
1/12/19;9:30:00 PM;0.000
1/12/19;9:45:00 PM;0.000
1/12/19;10:00:00 PM;0.000
1/12/19;10:15:00 PM;0.000
1/12/19;10:30:00 PM;0.000
1/12/19;10:45:00 PM;0.000
1/12/19;11:00:00 PM;0.000
1/12/19;11:15:00 PM;0.000
1/12/19;11:30:00 PM;0.000
1/12/19;11:45:00 PM;0.000
1/13/19;12:00:00 AM;0.000
1/13/19;12:15:00 AM;0.000
1/13/19;12:30:00 AM;0.000
1/13/19;12:45:00 AM;0.000
1/13/19;1:00:00 AM;0.000
1/13/19;1:15:00 AM;0.000
1/13/19;1:30:00 AM;0.000
1/13/19;1:45:00 AM;0.000
1/13/19;2:00:00 AM;0.000
1/13/19;2:15:00 AM;0.000
1/13/19;2:30:00 AM;0.000
1/13/19;2:45:00 AM;0.000
1/13/19;3:00:00 AM;0.000
1/13/19;3:15:00 AM;0.000
1/13/19;3:30:00 AM;0.000
1/13/19;3:45:00 AM;0.000
1/13/19;4:00:00 AM;0.000
1/13/19;4:15:00 AM;0.000
1/13/19;4:30:00 AM;0.000
1/13/19;4:45:00 AM;0.000
1/13/19;5:00:00 AM;0.000
1/13/19;5:15:00 AM;0.000
1/13/19;5:30:00 AM;0.000
1/13/19;5:45:00 AM;0.000
1/13/19;6:00:00 AM;0.000
1/13/19;6:15:00 AM;0.000
1/13/19;6:30:00 AM;0.000
1/13/19;6:45:00 AM;0.000
1/13/19;7:00:00 AM;0.000
1/13/19;7:15:00 AM;0.000
1/13/19;7:30:00 AM;0.000
1/13/19;7:45:00 AM;0.000
1/13/19;8:00:00 AM;0.000
1/13/19;8:15:00 AM;0.000
1/13/19;8:30:00 AM;0.000
1/13/19;8:45:00 AM;0.000
1/13/19;9:00:00 AM;0.000
1/13/19;9:15:00 AM;0.000
1/13/19;9:30:00 AM;0.000
1/13/19;9:45:00 AM;0.000
1/13/19;10:00:00 AM;0.000
1/13/19;10:15:00 AM;0.000
1/13/19;10:30:00 AM;0.000
1/13/19;10:45:00 AM;0.000
1/13/19;11:00:00 AM;0.000
1/13/19;11:15:00 AM;0.000
1/13/19;11:30:00 AM;0.000
1/13/19;11:45:00 AM;0.000
1/13/19;12:00:00 PM;0.000
1/13/19;12:15:00 PM;0.000
1/13/19;12:30:00 PM;0.000
1/13/19;12:45:00 PM;0.000
1/13/19;1:00:00 PM;0.000
1/13/19;1:15:00 PM;0.000
1/13/19;1:30:00 PM;0.000
1/13/19;1:45:00 PM;0.000
1/13/19;2:00:00 PM;0.000
1/13/19;2:15:00 PM;0.000
1/13/19;2:30:00 PM;0.000
1/13/19;2:45:00 PM;0.000
1/13/19;3:00:00 PM;0.000
1/13/19;3:15:00 PM;0.000
1/13/19;3:30:00 PM;0.000
1/13/19;3:45:00 PM;0.000
1/13/19;4:00:00 PM;0.000
1/13/19;4:15:00 PM;0.000
1/13/19;4:30:00 PM;0.000
1/13/19;4:45:00 PM;0.000
1/13/19;5:00:00 PM;0.000
1/13/19;5:15:00 PM;0.000
1/13/19;5:30:00 PM;0.000
1/13/19;5:45:00 PM;0.000
1/13/19;6:00:00 PM;0.000
1/13/19;6:15:00 PM;0.000
1/13/19;6:30:00 PM;0.000
1/13/19;6:45:00 PM;0.000
1/13/19;7:00:00 PM;0.000
1/13/19;7:15:00 PM;0.000
1/13/19;7:30:00 PM;0.000
1/13/19;7:45:00 PM;0.000
1/13/19;8:00:00 PM;0.000
1/13/19;8:15:00 PM;0.000
1/13/19;8:30:00 PM;0.000
1/13/19;8:45:00 PM;0.000
1/13/19;9:00:00 PM;0.000
1/13/19;9:15:00 PM;0.000
1/13/19;9:30:00 PM;0.000
1/13/19;9:45:00 PM;0.000
1/13/19;10:00:00 PM;0.000
1/13/19;10:15:00 PM;0.000
1/13/19;10:30:00 PM;0.000
1/13/19;10:45:00 PM;0.000
1/13/19;11:00:00 PM;0.000
1/13/19;11:15:00 PM;0.000
1/13/19;11:30:00 PM;0.000
1/13/19;11:45:00 PM;0.000
1/14/19;12:00:00 AM;0.000
1/14/19;12:15:00 AM;0.000
1/14/19;12:30:00 AM;0.000
1/14/19;12:45:00 AM;0.000
1/14/19;1:00:00 AM;0.000
1/14/19;1:15:00 AM;0.000
1/14/19;1:30:00 AM;0.000
1/14/19;1:45:00 AM;0.000
1/14/19;2:00:00 AM;0.000
1/14/19;2:15:00 AM;0.000
1/14/19;2:30:00 AM;0.000
1/14/19;2:45:00 AM;0.000
1/14/19;3:00:00 AM;0.000
1/14/19;3:15:00 AM;0.000
1/14/19;3:30:00 AM;0.000
1/14/19;3:45:00 AM;0.000
1/14/19;4:00:00 AM;0.000
1/14/19;4:15:00 AM;0.000
1/14/19;4:30:00 AM;0.000
1/14/19;4:45:00 AM;0.000
1/14/19;5:00:00 AM;0.000
1/14/19;5:15:00 AM;0.000
1/14/19;5:30:00 AM;0.000
1/14/19;5:45:00 AM;0.000
1/14/19;6:00:00 AM;0.000
1/14/19;6:15:00 AM;0.000
1/14/19;6:30:00 AM;0.000
1/14/19;6:45:00 AM;0.000
1/14/19;7:00:00 AM;0.000
1/14/19;7:15:00 AM;0.000
1/14/19;7:30:00 AM;0.004
1/14/19;7:45:00 AM;0.012
1/14/19;8:00:00 AM;0.004
1/14/19;8:15:00 AM;0.028
1/14/19;8:30:00 AM;0.028
1/14/19;8:45:00 AM;0.028
1/14/19;9:00:00 AM;0.043
1/14/19;9:15:00 AM;0.000
1/14/19;9:30:00 AM;0.000
1/14/19;9:45:00 AM;0.008
1/14/19;10:00:00 AM;0.000
1/14/19;10:15:00 AM;0.000
1/14/19;10:30:00 AM;0.004
1/14/19;10:45:00 AM;0.000
1/14/19;11:00:00 AM;0.000
1/14/19;11:15:00 AM;0.000
1/14/19;11:30:00 AM;0.000
1/14/19;11:45:00 AM;0.000
1/14/19;12:00:00 PM;0.000
1/14/19;12:15:00 PM;0.000
1/14/19;12:30:00 PM;0.004
1/14/19;12:45:00 PM;0.008
1/14/19;1:00:00 PM;0.000
1/14/19;1:15:00 PM;0.000
1/14/19;1:30:00 PM;0.000
1/14/19;1:45:00 PM;0.016
1/14/19;2:00:00 PM;0.004
1/14/19;2:15:00 PM;0.012
1/14/19;2:30:00 PM;0.031
1/14/19;2:45:00 PM;0.004
1/14/19;3:00:00 PM;0.016
1/14/19;3:15:00 PM;0.012
1/14/19;3:30:00 PM;0.035
1/14/19;3:45:00 PM;0.130
1/14/19;4:00:00 PM;0.039
1/14/19;4:15:00 PM;0.004
1/14/19;4:30:00 PM;0.004
1/14/19;4:45:00 PM;0.000
1/14/19;5:00:00 PM;0.000
1/14/19;5:15:00 PM;0.000
1/14/19;5:30:00 PM;0.012
1/14/19;5:45:00 PM;0.004
1/14/19;6:00:00 PM;0.000
1/14/19;6:15:00 PM;0.000
1/14/19;6:30:00 PM;0.000
1/14/19;6:45:00 PM;0.000
1/14/19;7:00:00 PM;0.000
1/14/19;7:15:00 PM;0.000
1/14/19;7:30:00 PM;0.000
1/14/19;7:45:00 PM;0.000
1/14/19;8:00:00 PM;0.000
1/14/19;8:15:00 PM;0.000
1/14/19;8:30:00 PM;0.000
1/14/19;8:45:00 PM;0.000
1/14/19;9:00:00 PM;0.000
1/14/19;9:15:00 PM;0.000
1/14/19;9:30:00 PM;0.000
1/14/19;9:45:00 PM;0.000
1/14/19;10:00:00 PM;0.000
1/14/19;10:15:00 PM;0.000
1/14/19;10:30:00 PM;0.000
1/14/19;10:45:00 PM;0.000
1/14/19;11:00:00 PM;0.000
1/14/19;11:15:00 PM;0.000
1/14/19;11:30:00 PM;0.000
1/14/19;11:45:00 PM;0.000
1/15/19;12:00:00 AM;0.000
1/15/19;12:15:00 AM;0.000
1/15/19;12:30:00 AM;0.000
1/15/19;12:45:00 AM;0.000
1/15/19;1:00:00 AM;0.000
1/15/19;1:15:00 AM;0.000
1/15/19;1:30:00 AM;0.000
1/15/19;1:45:00 AM;0.000
1/15/19;2:00:00 AM;0.000
1/15/19;2:15:00 AM;0.004
1/15/19;2:30:00 AM;0.004
1/15/19;2:45:00 AM;0.004
1/15/19;3:00:00 AM;0.000
1/15/19;3:15:00 AM;0.000
1/15/19;3:30:00 AM;0.004
1/15/19;3:45:00 AM;0.000
1/15/19;4:00:00 AM;0.000
1/15/19;4:15:00 AM;0.000
1/15/19;4:30:00 AM;0.000
1/15/19;4:45:00 AM;0.004
1/15/19;5:00:00 AM;0.000
1/15/19;5:15:00 AM;0.000
1/15/19;5:30:00 AM;0.000
1/15/19;5:45:00 AM;0.000
1/15/19;6:00:00 AM;0.000
1/15/19;6:15:00 AM;0.000
1/15/19;6:30:00 AM;0.000
1/15/19;6:45:00 AM;0.000
1/15/19;7:00:00 AM;0.000
1/15/19;7:15:00 AM;0.000
1/15/19;7:30:00 AM;0.000
1/15/19;7:45:00 AM;0.000
1/15/19;8:00:00 AM;0.000
1/15/19;8:15:00 AM;0.000
1/15/19;8:30:00 AM;0.004
1/15/19;8:45:00 AM;0.000
1/15/19;9:00:00 AM;0.000
1/15/19;9:15:00 AM;0.008
1/15/19;9:30:00 AM;0.008
1/15/19;9:45:00 AM;0.000
1/15/19;10:00:00 AM;0.000
1/15/19;10:15:00 AM;0.000
1/15/19;10:30:00 AM;0.000
1/15/19;10:45:00 AM;0.008
1/15/19;11:00:00 AM;0.016
1/15/19;11:15:00 AM;0.004
1/15/19;11:30:00 AM;0.004
1/15/19;11:45:00 AM;0.000
1/15/19;12:00:00 PM;0.004
1/15/19;12:15:00 PM;0.000
1/15/19;12:30:00 PM;0.004
1/15/19;12:45:00 PM;0.000
1/15/19;1:00:00 PM;0.008
1/15/19;1:15:00 PM;0.024
1/15/19;1:30:00 PM;0.008
1/15/19;1:45:00 PM;0.008
1/15/19;2:00:00 PM;0.016
1/15/19;2:15:00 PM;0.000
1/15/19;2:30:00 PM;0.004
1/15/19;2:45:00 PM;0.000
1/15/19;3:00:00 PM;0.028
1/15/19;3:15:00 PM;0.004
1/15/19;3:30:00 PM;0.008
1/15/19;3:45:00 PM;0.000
1/15/19;4:00:00 PM;0.000
1/15/19;4:15:00 PM;0.000
1/15/19;4:30:00 PM;0.004
1/15/19;4:45:00 PM;0.000
1/15/19;5:00:00 PM;0.000
1/15/19;5:15:00 PM;0.000
1/15/19;5:30:00 PM;0.000
1/15/19;5:45:00 PM;0.000
1/15/19;6:00:00 PM;0.000
1/15/19;6:15:00 PM;0.000
1/15/19;6:30:00 PM;0.000
1/15/19;6:45:00 PM;0.004
1/15/19;7:00:00 PM;0.012
1/15/19;7:15:00 PM;0.000
1/15/19;7:30:00 PM;0.004
1/15/19;7:45:00 PM;0.031
1/15/19;8:00:00 PM;0.028
1/15/19;8:15:00 PM;0.024
1/15/19;8:30:00 PM;0.004
1/15/19;8:45:00 PM;0.008
1/15/19;9:00:00 PM;0.000
1/15/19;9:15:00 PM;0.004
1/15/19;9:30:00 PM;0.012
1/15/19;9:45:00 PM;0.000
1/15/19;10:00:00 PM;0.000
1/15/19;10:15:00 PM;0.000
1/15/19;10:30:00 PM;0.000
1/15/19;10:45:00 PM;0.000
1/15/19;11:00:00 PM;0.000
1/15/19;11:15:00 PM;0.004
1/15/19;11:30:00 PM;0.000
1/15/19;11:45:00 PM;0.000
1/16/19;12:00:00 AM;0.000
1/16/19;12:15:00 AM;0.000
1/16/19;12:30:00 AM;0.000
1/16/19;12:45:00 AM;0.000
1/16/19;1:00:00 AM;0.000
1/16/19;1:15:00 AM;0.000
1/16/19;1:30:00 AM;0.004
1/16/19;1:45:00 AM;0.000
1/16/19;2:00:00 AM;0.008
1/16/19;2:15:00 AM;0.000
1/16/19;2:30:00 AM;0.000
1/16/19;2:45:00 AM;0.000
1/16/19;3:00:00 AM;0.000
1/16/19;3:15:00 AM;0.000
1/16/19;3:30:00 AM;0.000
1/16/19;3:45:00 AM;0.000
1/16/19;4:00:00 AM;0.000
1/16/19;4:15:00 AM;0.000
1/16/19;4:30:00 AM;0.004
1/16/19;4:45:00 AM;0.000
1/16/19;5:00:00 AM;0.000
1/16/19;5:15:00 AM;0.000
1/16/19;5:30:00 AM;0.000
1/16/19;5:45:00 AM;0.000
1/16/19;6:00:00 AM;0.000
1/16/19;6:15:00 AM;0.000
1/16/19;6:30:00 AM;0.000
1/16/19;6:45:00 AM;0.000
1/16/19;7:00:00 AM;0.000
1/16/19;7:15:00 AM;0.000
1/16/19;7:30:00 AM;0.000
1/16/19;7:45:00 AM;0.000
1/16/19;8:00:00 AM;0.000
1/16/19;8:15:00 AM;0.000
1/16/19;8:30:00 AM;0.000
1/16/19;8:45:00 AM;0.000
1/16/19;9:00:00 AM;0.000
1/16/19;9:15:00 AM;0.000
1/16/19;9:30:00 AM;0.000
1/16/19;9:45:00 AM;0.000
1/16/19;10:00:00 AM;0.000
1/16/19;10:15:00 AM;0.000
1/16/19;10:30:00 AM;0.000
1/16/19;10:45:00 AM;0.000
1/16/19;11:00:00 AM;0.000
1/16/19;11:15:00 AM;0.000
1/16/19;11:30:00 AM;0.000
1/16/19;11:45:00 AM;0.000
1/16/19;12:00:00 PM;0.000
1/16/19;12:15:00 PM;0.000
1/16/19;12:30:00 PM;0.000
1/16/19;12:45:00 PM;0.000
1/16/19;1:00:00 PM;0.000
1/16/19;1:15:00 PM;0.004
1/16/19;1:30:00 PM;0.004
1/16/19;1:45:00 PM;0.000
1/16/19;2:00:00 PM;0.004
1/16/19;2:15:00 PM;0.000
1/16/19;2:30:00 PM;0.000
1/16/19;2:45:00 PM;0.000
1/16/19;3:00:00 PM;0.000
1/16/19;3:15:00 PM;0.000
1/16/19;3:30:00 PM;0.000
1/16/19;3:45:00 PM;0.000
1/16/19;4:00:00 PM;0.000
1/16/19;4:15:00 PM;0.031
1/16/19;4:30:00 PM;0.004
1/16/19;4:45:00 PM;0.004
1/16/19;5:00:00 PM;0.000
1/16/19;5:15:00 PM;0.000
1/16/19;5:30:00 PM;0.004
1/16/19;5:45:00 PM;0.000
1/16/19;6:00:00 PM;0.000
1/16/19;6:15:00 PM;0.000
1/16/19;6:30:00 PM;0.000
1/16/19;6:45:00 PM;0.000
1/16/19;7:00:00 PM;0.000
1/16/19;7:15:00 PM;0.000
1/16/19;7:30:00 PM;0.000
1/16/19;7:45:00 PM;0.000
1/16/19;8:00:00 PM;0.000
1/16/19;8:15:00 PM;0.000
1/16/19;8:30:00 PM;0.000
1/16/19;8:45:00 PM;0.000
1/16/19;9:00:00 PM;0.000
1/16/19;9:15:00 PM;0.004
1/16/19;9:30:00 PM;0.004
1/16/19;9:45:00 PM;0.024
1/16/19;10:00:00 PM;0.039
1/16/19;10:15:00 PM;0.094
1/16/19;10:30:00 PM;0.067
1/16/19;10:45:00 PM;0.012
1/16/19;11:00:00 PM;0.012
1/16/19;11:15:00 PM;0.020
1/16/19;11:30:00 PM;0.016
1/16/19;11:45:00 PM;0.004
1/17/19;12:00:00 AM;0.012
1/17/19;12:15:00 AM;0.024
1/17/19;12:30:00 AM;0.047
1/17/19;12:45:00 AM;0.138
1/17/19;1:00:00 AM;0.134
1/17/19;1:15:00 AM;0.173
1/17/19;1:30:00 AM;0.303
1/17/19;1:45:00 AM;0.138
1/17/19;2:00:00 AM;0.169
1/17/19;2:15:00 AM;0.079
1/17/19;2:30:00 AM;0.051
1/17/19;2:45:00 AM;0.028
1/17/19;3:00:00 AM;0.020
1/17/19;3:15:00 AM;0.039
1/17/19;3:30:00 AM;0.031
1/17/19;3:45:00 AM;0.008
1/17/19;4:00:00 AM;0.004
1/17/19;4:15:00 AM;0.024
1/17/19;4:30:00 AM;0.004
1/17/19;4:45:00 AM;0.000
1/17/19;5:00:00 AM;0.000
1/17/19;5:15:00 AM;0.000
1/17/19;5:30:00 AM;0.000
1/17/19;5:45:00 AM;0.000
1/17/19;6:00:00 AM;0.000
1/17/19;6:15:00 AM;0.000
1/17/19;6:30:00 AM;0.000
1/17/19;6:45:00 AM;0.000
1/17/19;7:00:00 AM;0.000
1/17/19;7:15:00 AM;0.000
1/17/19;7:30:00 AM;0.000
1/17/19;7:45:00 AM;0.000
1/17/19;8:00:00 AM;0.000
1/17/19;8:15:00 AM;0.000
1/17/19;8:30:00 AM;0.000
1/17/19;8:45:00 AM;0.000
1/17/19;9:00:00 AM;0.000
1/17/19;9:15:00 AM;0.000
1/17/19;9:30:00 AM;0.000
1/17/19;9:45:00 AM;0.000
1/17/19;10:00:00 AM;0.000
1/17/19;10:15:00 AM;0.000
1/17/19;10:30:00 AM;0.000
1/17/19;10:45:00 AM;0.000
1/17/19;11:00:00 AM;0.000
1/17/19;11:15:00 AM;0.000
1/17/19;11:30:00 AM;0.000
1/17/19;11:45:00 AM;0.000
1/17/19;12:00:00 PM;0.000
1/17/19;12:15:00 PM;0.000
1/17/19;12:30:00 PM;0.000
1/17/19;12:45:00 PM;0.000
1/17/19;1:00:00 PM;0.000
1/17/19;1:15:00 PM;0.000
1/17/19;1:30:00 PM;0.000
1/17/19;1:45:00 PM;0.000
1/17/19;2:00:00 PM;0.000
1/17/19;2:15:00 PM;0.000
1/17/19;2:30:00 PM;0.000
1/17/19;2:45:00 PM;0.000
1/17/19;3:00:00 PM;0.000
1/17/19;3:15:00 PM;0.000
1/17/19;3:30:00 PM;0.000
1/17/19;3:45:00 PM;0.000
1/17/19;4:00:00 PM;0.000
1/17/19;4:15:00 PM;0.000
1/17/19;4:30:00 PM;0.000
1/17/19;4:45:00 PM;0.000
1/17/19;5:00:00 PM;0.000
1/17/19;5:15:00 PM;0.000
1/17/19;5:30:00 PM;0.000
1/17/19;5:45:00 PM;0.000
1/17/19;6:00:00 PM;0.000
1/17/19;6:15:00 PM;0.000
1/17/19;6:30:00 PM;0.000
1/17/19;6:45:00 PM;0.000
1/17/19;7:00:00 PM;0.000
1/17/19;7:15:00 PM;0.000
1/17/19;7:30:00 PM;0.000
1/17/19;7:45:00 PM;0.000
1/17/19;8:00:00 PM;0.000
1/17/19;8:15:00 PM;0.000
1/17/19;8:30:00 PM;0.000
1/17/19;8:45:00 PM;0.000
1/17/19;9:00:00 PM;0.000
1/17/19;9:15:00 PM;0.000
1/17/19;9:30:00 PM;0.000
1/17/19;9:45:00 PM;0.000
1/17/19;10:00:00 PM;0.000
1/17/19;10:15:00 PM;0.000
1/17/19;10:30:00 PM;0.000
1/17/19;10:45:00 PM;0.000
1/17/19;11:00:00 PM;0.000
1/17/19;11:15:00 PM;0.000
1/17/19;11:30:00 PM;0.000
1/17/19;11:45:00 PM;0.000
1/18/19;12:00:00 AM;0.000
1/18/19;12:15:00 AM;0.000
1/18/19;12:30:00 AM;0.000
1/18/19;12:45:00 AM;0.000
1/18/19;1:00:00 AM;0.000
1/18/19;1:15:00 AM;0.000
1/18/19;1:30:00 AM;0.000
1/18/19;1:45:00 AM;0.000
1/18/19;2:00:00 AM;0.000
1/18/19;2:15:00 AM;0.000
1/18/19;2:30:00 AM;0.000
1/18/19;2:45:00 AM;0.000
1/18/19;3:00:00 AM;0.000
1/18/19;3:15:00 AM;0.000
1/18/19;3:30:00 AM;0.000
1/18/19;3:45:00 AM;0.000
1/18/19;4:00:00 AM;0.000
1/18/19;4:15:00 AM;0.000
1/18/19;4:30:00 AM;0.000
1/18/19;4:45:00 AM;0.000
1/18/19;5:00:00 AM;0.000
1/18/19;5:15:00 AM;0.000
1/18/19;5:30:00 AM;0.000
1/18/19;5:45:00 AM;0.000
1/18/19;6:00:00 AM;0.000
1/18/19;6:15:00 AM;0.000
1/18/19;6:30:00 AM;0.000
1/18/19;6:45:00 AM;0.000
1/18/19;7:00:00 AM;0.000
1/18/19;7:15:00 AM;0.000
1/18/19;7:30:00 AM;0.000
1/18/19;7:45:00 AM;0.000
1/18/19;8:00:00 AM;0.000
1/18/19;8:15:00 AM;0.000
1/18/19;8:30:00 AM;0.000
1/18/19;8:45:00 AM;0.000
1/18/19;9:00:00 AM;0.000
1/18/19;9:15:00 AM;0.000
1/18/19;9:30:00 AM;0.000
1/18/19;9:45:00 AM;0.000
1/18/19;10:00:00 AM;0.000
1/18/19;10:15:00 AM;0.000
1/18/19;10:30:00 AM;0.000
1/18/19;10:45:00 AM;0.000
1/18/19;11:00:00 AM;0.000
1/18/19;11:15:00 AM;0.000
1/18/19;11:30:00 AM;0.000
1/18/19;11:45:00 AM;0.000
1/18/19;12:00:00 PM;0.000
1/18/19;12:15:00 PM;0.000
1/18/19;12:30:00 PM;0.000
1/18/19;12:45:00 PM;0.000
1/18/19;1:00:00 PM;0.000
1/18/19;1:15:00 PM;0.000
1/18/19;1:30:00 PM;0.000
1/18/19;1:45:00 PM;0.000
1/18/19;2:00:00 PM;0.000
1/18/19;2:15:00 PM;0.000
1/18/19;2:30:00 PM;0.000
1/18/19;2:45:00 PM;0.000
1/18/19;3:00:00 PM;0.000
1/18/19;3:15:00 PM;0.000
1/18/19;3:30:00 PM;0.000
1/18/19;3:45:00 PM;0.000
1/18/19;4:00:00 PM;0.000
1/18/19;4:15:00 PM;0.000
1/18/19;4:30:00 PM;0.000
1/18/19;4:45:00 PM;0.000
1/18/19;5:00:00 PM;0.000
1/18/19;5:15:00 PM;0.000
1/18/19;5:30:00 PM;0.000
1/18/19;5:45:00 PM;0.000
1/18/19;6:00:00 PM;0.000
1/18/19;6:15:00 PM;0.000
1/18/19;6:30:00 PM;0.000
1/18/19;6:45:00 PM;0.000
1/18/19;7:00:00 PM;0.000
1/18/19;7:15:00 PM;0.000
1/18/19;7:30:00 PM;0.000
1/18/19;7:45:00 PM;0.000
1/18/19;8:00:00 PM;0.000
1/18/19;8:15:00 PM;0.000
1/18/19;8:30:00 PM;0.000
1/18/19;8:45:00 PM;0.000
1/18/19;9:00:00 PM;0.000
1/18/19;9:15:00 PM;0.000
1/18/19;9:30:00 PM;0.000
1/18/19;9:45:00 PM;0.000
1/18/19;10:00:00 PM;0.000
1/18/19;10:15:00 PM;0.000
1/18/19;10:30:00 PM;0.000
1/18/19;10:45:00 PM;0.000
1/18/19;11:00:00 PM;0.000
1/18/19;11:15:00 PM;0.000
1/18/19;11:30:00 PM;0.000
1/18/19;11:45:00 PM;0.000
1/19/19;12:00:00 AM;0.000
1/19/19;12:15:00 AM;0.000
1/19/19;12:30:00 AM;0.000
1/19/19;12:45:00 AM;0.000
1/19/19;1:00:00 AM;0.000
1/19/19;1:15:00 AM;0.000
1/19/19;1:30:00 AM;0.000
1/19/19;1:45:00 AM;0.000
1/19/19;2:00:00 AM;0.000
1/19/19;2:15:00 AM;0.000
1/19/19;2:30:00 AM;0.000
1/19/19;2:45:00 AM;0.000
1/19/19;3:00:00 AM;0.000
1/19/19;3:15:00 AM;0.000
1/19/19;3:30:00 AM;0.000
1/19/19;3:45:00 AM;0.000
1/19/19;4:00:00 AM;0.000
1/19/19;4:15:00 AM;0.000
1/19/19;4:30:00 AM;0.000
1/19/19;4:45:00 AM;0.000
1/19/19;5:00:00 AM;0.000
1/19/19;5:15:00 AM;0.000
1/19/19;5:30:00 AM;0.000
1/19/19;5:45:00 AM;0.000
1/19/19;6:00:00 AM;0.000
1/19/19;6:15:00 AM;0.000
1/19/19;6:30:00 AM;0.000
1/19/19;6:45:00 AM;0.000
1/19/19;7:00:00 AM;0.000
1/19/19;7:15:00 AM;0.000
1/19/19;7:30:00 AM;0.000
1/19/19;7:45:00 AM;0.000
1/19/19;8:00:00 AM;0.000
1/19/19;8:15:00 AM;0.000
1/19/19;8:30:00 AM;0.000
1/19/19;8:45:00 AM;0.000
1/19/19;9:00:00 AM;0.000
1/19/19;9:15:00 AM;0.000
1/19/19;9:30:00 AM;0.000
1/19/19;9:45:00 AM;0.000
1/19/19;10:00:00 AM;0.000
1/19/19;10:15:00 AM;0.000
1/19/19;10:30:00 AM;0.000
1/19/19;10:45:00 AM;0.000
1/19/19;11:00:00 AM;0.000
1/19/19;11:15:00 AM;0.000
1/19/19;11:30:00 AM;0.000
1/19/19;11:45:00 AM;0.000
1/19/19;12:00:00 PM;0.000
1/19/19;12:15:00 PM;0.000
1/19/19;12:30:00 PM;0.000
1/19/19;12:45:00 PM;0.000
1/19/19;1:00:00 PM;0.000
1/19/19;1:15:00 PM;0.000
1/19/19;1:30:00 PM;0.000
1/19/19;1:45:00 PM;0.000
1/19/19;2:00:00 PM;0.000
1/19/19;2:15:00 PM;0.000
1/19/19;2:30:00 PM;0.000
1/19/19;2:45:00 PM;0.000
1/19/19;3:00:00 PM;0.000
1/19/19;3:15:00 PM;0.000
1/19/19;3:30:00 PM;0.000
1/19/19;3:45:00 PM;0.000
1/19/19;4:00:00 PM;0.000
1/19/19;4:15:00 PM;0.000
1/19/19;4:30:00 PM;0.000
1/19/19;4:45:00 PM;0.000
1/19/19;5:00:00 PM;0.000
1/19/19;5:15:00 PM;0.000
1/19/19;5:30:00 PM;0.000
1/19/19;5:45:00 PM;0.000
1/19/19;6:00:00 PM;0.000
1/19/19;6:15:00 PM;0.000
1/19/19;6:30:00 PM;0.000
1/19/19;6:45:00 PM;0.000
1/19/19;7:00:00 PM;0.000
1/19/19;7:15:00 PM;0.000
1/19/19;7:30:00 PM;0.000
1/19/19;7:45:00 PM;0.000
1/19/19;8:00:00 PM;0.000
1/19/19;8:15:00 PM;0.000
1/19/19;8:30:00 PM;0.000
1/19/19;8:45:00 PM;0.000
1/19/19;9:00:00 PM;0.000
1/19/19;9:15:00 PM;0.000
1/19/19;9:30:00 PM;0.000
1/19/19;9:45:00 PM;0.000
1/19/19;10:00:00 PM;0.000
1/19/19;10:15:00 PM;0.000
1/19/19;10:30:00 PM;0.000
1/19/19;10:45:00 PM;0.000
1/19/19;11:00:00 PM;0.000
1/19/19;11:15:00 PM;0.000
1/19/19;11:30:00 PM;0.000
1/19/19;11:45:00 PM;0.000
1/20/19;12:00:00 AM;0.000
1/20/19;12:15:00 AM;0.000
1/20/19;12:30:00 AM;0.000
1/20/19;12:45:00 AM;0.000
1/20/19;1:00:00 AM;0.000
1/20/19;1:15:00 AM;0.000
1/20/19;1:30:00 AM;0.000
1/20/19;1:45:00 AM;0.000
1/20/19;2:00:00 AM;0.000
1/20/19;2:15:00 AM;0.000
1/20/19;2:30:00 AM;0.000
1/20/19;2:45:00 AM;0.000
1/20/19;3:00:00 AM;0.000
1/20/19;3:15:00 AM;0.000
1/20/19;3:30:00 AM;0.000
1/20/19;3:45:00 AM;0.000
1/20/19;4:00:00 AM;0.000
1/20/19;4:15:00 AM;0.000
1/20/19;4:30:00 AM;0.000
1/20/19;4:45:00 AM;0.000
1/20/19;5:00:00 AM;0.000
1/20/19;5:15:00 AM;0.000
1/20/19;5:30:00 AM;0.000
1/20/19;5:45:00 AM;0.000
1/20/19;6:00:00 AM;0.000
1/20/19;6:15:00 AM;0.000
1/20/19;6:30:00 AM;0.000
1/20/19;6:45:00 AM;0.000
1/20/19;7:00:00 AM;0.000
1/20/19;7:15:00 AM;0.000
1/20/19;7:30:00 AM;0.000
1/20/19;7:45:00 AM;0.000
1/20/19;8:00:00 AM;0.000
1/20/19;8:15:00 AM;0.000
1/20/19;8:30:00 AM;0.000
1/20/19;8:45:00 AM;0.000
1/20/19;9:00:00 AM;0.000
1/20/19;9:15:00 AM;0.000
1/20/19;9:30:00 AM;0.000
1/20/19;9:45:00 AM;0.000
1/20/19;10:00:00 AM;0.000
1/20/19;10:15:00 AM;0.000
1/20/19;10:30:00 AM;0.000
1/20/19;10:45:00 AM;0.000
1/20/19;11:00:00 AM;0.000
1/20/19;11:15:00 AM;0.000
1/20/19;11:30:00 AM;0.000
1/20/19;11:45:00 AM;0.000
1/20/19;12:00:00 PM;0.000
1/20/19;12:15:00 PM;0.000
1/20/19;12:30:00 PM;0.000
1/20/19;12:45:00 PM;0.000
1/20/19;1:00:00 PM;0.000
1/20/19;1:15:00 PM;0.000
1/20/19;1:30:00 PM;0.000
1/20/19;1:45:00 PM;0.000
1/20/19;2:00:00 PM;0.000
1/20/19;2:15:00 PM;0.000
1/20/19;2:30:00 PM;0.000
1/20/19;2:45:00 PM;0.000
1/20/19;3:00:00 PM;0.000
1/20/19;3:15:00 PM;0.000
1/20/19;3:30:00 PM;0.000
1/20/19;3:45:00 PM;0.000
1/20/19;4:00:00 PM;0.000
1/20/19;4:15:00 PM;0.000
1/20/19;4:30:00 PM;0.000
1/20/19;4:45:00 PM;0.000
1/20/19;5:00:00 PM;0.000
1/20/19;5:15:00 PM;0.000
1/20/19;5:30:00 PM;0.008
1/20/19;5:45:00 PM;0.004
1/20/19;6:00:00 PM;0.016
1/20/19;6:15:00 PM;0.008
1/20/19;6:30:00 PM;0.020
1/20/19;6:45:00 PM;0.004
1/20/19;7:00:00 PM;0.000
1/20/19;7:15:00 PM;0.000
1/20/19;7:30:00 PM;0.000
1/20/19;7:45:00 PM;0.012
1/20/19;8:00:00 PM;0.000
1/20/19;8:15:00 PM;0.004
1/20/19;8:30:00 PM;0.000
1/20/19;8:45:00 PM;0.000
1/20/19;9:00:00 PM;0.000
1/20/19;9:15:00 PM;0.000
1/20/19;9:30:00 PM;0.004
1/20/19;9:45:00 PM;0.012
1/20/19;10:00:00 PM;0.000
1/20/19;10:15:00 PM;0.004
1/20/19;10:30:00 PM;0.000
1/20/19;10:45:00 PM;0.000
1/20/19;11:00:00 PM;0.000
1/20/19;11:15:00 PM;0.000
1/20/19;11:30:00 PM;0.000
1/20/19;11:45:00 PM;0.000
1/21/19;12:00:00 AM;0.000
1/21/19;12:15:00 AM;0.000
1/21/19;12:30:00 AM;0.000
1/21/19;12:45:00 AM;0.004
1/21/19;1:00:00 AM;0.000
1/21/19;1:15:00 AM;0.000
1/21/19;1:30:00 AM;0.000
1/21/19;1:45:00 AM;0.000
1/21/19;2:00:00 AM;0.000
1/21/19;2:15:00 AM;0.000
1/21/19;2:30:00 AM;0.000
1/21/19;2:45:00 AM;0.000
1/21/19;3:00:00 AM;0.000
1/21/19;3:15:00 AM;0.000
1/21/19;3:30:00 AM;0.000
1/21/19;3:45:00 AM;0.000
1/21/19;4:00:00 AM;0.000
1/21/19;4:15:00 AM;0.000
1/21/19;4:30:00 AM;0.000
1/21/19;4:45:00 AM;0.000
1/21/19;5:00:00 AM;0.000
1/21/19;5:15:00 AM;0.000
1/21/19;5:30:00 AM;0.000
1/21/19;5:45:00 AM;0.000
1/21/19;6:00:00 AM;0.000
1/21/19;6:15:00 AM;0.000
1/21/19;6:30:00 AM;0.000
1/21/19;6:45:00 AM;0.000
1/21/19;7:00:00 AM;0.000
1/21/19;7:15:00 AM;0.000
1/21/19;7:30:00 AM;0.000
1/21/19;7:45:00 AM;0.000
1/21/19;8:00:00 AM;0.004
1/21/19;8:15:00 AM;0.000
1/21/19;8:30:00 AM;0.000
1/21/19;8:45:00 AM;0.000
1/21/19;9:00:00 AM;0.000
1/21/19;9:15:00 AM;0.000
1/21/19;9:30:00 AM;0.000
1/21/19;9:45:00 AM;0.000
1/21/19;10:00:00 AM;0.000
1/21/19;10:15:00 AM;0.000
1/21/19;10:30:00 AM;0.000
1/21/19;10:45:00 AM;0.000
1/21/19;11:00:00 AM;0.000
1/21/19;11:15:00 AM;0.000
1/21/19;11:30:00 AM;0.000
1/21/19;11:45:00 AM;0.000
1/21/19;12:00:00 PM;0.000
1/21/19;12:15:00 PM;0.000
1/21/19;12:30:00 PM;0.000
1/21/19;12:45:00 PM;0.000
1/21/19;1:00:00 PM;0.000
1/21/19;1:15:00 PM;0.000
1/21/19;1:30:00 PM;0.000
1/21/19;1:45:00 PM;0.000
1/21/19;2:00:00 PM;0.000
1/21/19;2:15:00 PM;0.000
1/21/19;2:30:00 PM;0.000
1/21/19;2:45:00 PM;0.000
1/21/19;3:00:00 PM;0.000
1/21/19;3:15:00 PM;0.000
1/21/19;3:30:00 PM;0.000
1/21/19;3:45:00 PM;0.000
1/21/19;4:00:00 PM;0.000
1/21/19;4:15:00 PM;0.000
1/21/19;4:30:00 PM;0.000
1/21/19;4:45:00 PM;0.000
1/21/19;5:00:00 PM;0.000
1/21/19;5:15:00 PM;0.000
1/21/19;5:30:00 PM;0.000
1/21/19;5:45:00 PM;0.000
1/21/19;6:00:00 PM;0.000
1/21/19;6:15:00 PM;0.000
1/21/19;6:30:00 PM;0.000
1/21/19;6:45:00 PM;0.000
1/21/19;7:00:00 PM;0.000
1/21/19;7:15:00 PM;0.000
1/21/19;7:30:00 PM;0.000
1/21/19;7:45:00 PM;0.000
1/21/19;8:00:00 PM;0.000
1/21/19;8:15:00 PM;0.000
1/21/19;8:30:00 PM;0.000
1/21/19;8:45:00 PM;0.000
1/21/19;9:00:00 PM;0.000
1/21/19;9:15:00 PM;0.000
1/21/19;9:30:00 PM;0.000
1/21/19;9:45:00 PM;0.000
1/21/19;10:00:00 PM;0.000
1/21/19;10:15:00 PM;0.000
1/21/19;10:30:00 PM;0.000
1/21/19;10:45:00 PM;0.000
1/21/19;11:00:00 PM;0.000
1/21/19;11:15:00 PM;0.000
1/21/19;11:30:00 PM;0.000
1/21/19;11:45:00 PM;0.000
1/22/19;12:00:00 AM;0.000
1/22/19;12:15:00 AM;0.000
1/22/19;12:30:00 AM;0.000
1/22/19;12:45:00 AM;0.000
1/22/19;1:00:00 AM;0.000
1/22/19;1:15:00 AM;0.000
1/22/19;1:30:00 AM;0.000
1/22/19;1:45:00 AM;0.000
1/22/19;2:00:00 AM;0.000
1/22/19;2:15:00 AM;0.000
1/22/19;2:30:00 AM;0.000
1/22/19;2:45:00 AM;0.000
1/22/19;3:00:00 AM;0.000
1/22/19;3:15:00 AM;0.000
1/22/19;3:30:00 AM;0.000
1/22/19;3:45:00 AM;0.000
1/22/19;4:00:00 AM;0.000
1/22/19;4:15:00 AM;0.000
1/22/19;4:30:00 AM;0.000
1/22/19;4:45:00 AM;0.000
1/22/19;5:00:00 AM;0.000
1/22/19;5:15:00 AM;0.000
1/22/19;5:30:00 AM;0.000
1/22/19;5:45:00 AM;0.000
1/22/19;6:00:00 AM;0.000
1/22/19;6:15:00 AM;0.000
1/22/19;6:30:00 AM;0.000
1/22/19;6:45:00 AM;0.000
1/22/19;7:00:00 AM;0.000
1/22/19;7:15:00 AM;0.000
1/22/19;7:30:00 AM;0.000
1/22/19;7:45:00 AM;0.000
1/22/19;8:00:00 AM;0.000
1/22/19;8:15:00 AM;0.000
1/22/19;8:30:00 AM;0.000
1/22/19;8:45:00 AM;0.000
1/22/19;9:00:00 AM;0.000
1/22/19;9:15:00 AM;0.000
1/22/19;9:30:00 AM;0.000
1/22/19;9:45:00 AM;0.000
1/22/19;10:00:00 AM;0.000
1/22/19;10:15:00 AM;0.000
1/22/19;10:30:00 AM;0.000
1/22/19;10:45:00 AM;0.000
1/22/19;11:00:00 AM;0.000
1/22/19;11:15:00 AM;0.000
1/22/19;11:30:00 AM;0.000
1/22/19;11:45:00 AM;0.000
1/22/19;12:00:00 PM;0.000
1/22/19;12:15:00 PM;0.000
1/22/19;12:30:00 PM;0.000
1/22/19;12:45:00 PM;0.000
1/22/19;1:00:00 PM;0.000
1/22/19;1:15:00 PM;0.000
1/22/19;1:30:00 PM;0.000
1/22/19;1:45:00 PM;0.000
1/22/19;2:00:00 PM;0.000
1/22/19;2:15:00 PM;0.000
1/22/19;2:30:00 PM;0.000
1/22/19;2:45:00 PM;0.000
1/22/19;3:00:00 PM;0.000
1/22/19;3:15:00 PM;0.000
1/22/19;3:30:00 PM;0.000
1/22/19;3:45:00 PM;0.000
1/22/19;4:00:00 PM;0.000
1/22/19;4:15:00 PM;0.000
1/22/19;4:30:00 PM;0.000
1/22/19;4:45:00 PM;0.000
1/22/19;5:00:00 PM;0.000
1/22/19;5:15:00 PM;0.000
1/22/19;5:30:00 PM;0.000
1/22/19;5:45:00 PM;0.000
1/22/19;6:00:00 PM;0.000
1/22/19;6:15:00 PM;0.000
1/22/19;6:30:00 PM;0.000
1/22/19;6:45:00 PM;0.000
1/22/19;7:00:00 PM;0.000
1/22/19;7:15:00 PM;0.000
1/22/19;7:30:00 PM;0.000
1/22/19;7:45:00 PM;0.000
1/22/19;8:00:00 PM;0.000
1/22/19;8:15:00 PM;0.000
1/22/19;8:30:00 PM;0.000
1/22/19;8:45:00 PM;0.000
1/22/19;9:00:00 PM;0.000
1/22/19;9:15:00 PM;0.000
1/22/19;9:30:00 PM;0.000
1/22/19;9:45:00 PM;0.000
1/22/19;10:00:00 PM;0.000
1/22/19;10:15:00 PM;0.000
1/22/19;10:30:00 PM;0.000
1/22/19;10:45:00 PM;0.000
1/22/19;11:00:00 PM;0.000
1/22/19;11:15:00 PM;0.000
1/22/19;11:30:00 PM;0.000
1/22/19;11:45:00 PM;0.000
1/23/19;12:00:00 AM;0.000
1/23/19;12:15:00 AM;0.000
1/23/19;12:30:00 AM;0.000
1/23/19;12:45:00 AM;0.000
1/23/19;1:00:00 AM;0.000
1/23/19;1:15:00 AM;0.000
1/23/19;1:30:00 AM;0.000
1/23/19;1:45:00 AM;0.000
1/23/19;2:00:00 AM;0.000
1/23/19;2:15:00 AM;0.000
1/23/19;2:30:00 AM;0.000
1/23/19;2:45:00 AM;0.000
1/23/19;3:00:00 AM;0.000
1/23/19;3:15:00 AM;0.000
1/23/19;3:30:00 AM;0.000
1/23/19;3:45:00 AM;0.000
1/23/19;4:00:00 AM;0.000
1/23/19;4:15:00 AM;0.000
1/23/19;4:30:00 AM;0.000
1/23/19;4:45:00 AM;0.000
1/23/19;5:00:00 AM;0.000
1/23/19;5:15:00 AM;0.000
1/23/19;5:30:00 AM;0.000
1/23/19;5:45:00 AM;0.000
1/23/19;6:00:00 AM;0.000
1/23/19;6:15:00 AM;0.000
1/23/19;6:30:00 AM;0.000
1/23/19;6:45:00 AM;0.000
1/23/19;7:00:00 AM;0.000
1/23/19;7:15:00 AM;0.000
1/23/19;7:30:00 AM;0.000
1/23/19;7:45:00 AM;0.000
1/23/19;8:00:00 AM;0.000
1/23/19;8:15:00 AM;0.000
1/23/19;8:30:00 AM;0.000
1/23/19;8:45:00 AM;0.000
1/23/19;9:00:00 AM;0.000
1/23/19;9:15:00 AM;0.000
1/23/19;9:30:00 AM;0.000
1/23/19;9:45:00 AM;0.000
1/23/19;10:00:00 AM;0.000
1/23/19;10:15:00 AM;0.000
1/23/19;10:30:00 AM;0.000
1/23/19;10:45:00 AM;0.000
1/23/19;11:00:00 AM;0.000
1/23/19;11:15:00 AM;0.000
1/23/19;11:30:00 AM;0.000
1/23/19;11:45:00 AM;0.000
1/23/19;12:00:00 PM;0.000
1/23/19;12:15:00 PM;0.000
1/23/19;12:30:00 PM;0.000
1/23/19;12:45:00 PM;0.000
1/23/19;1:00:00 PM;0.000
1/23/19;1:15:00 PM;0.000
1/23/19;1:30:00 PM;0.000
1/23/19;1:45:00 PM;0.000
1/23/19;2:00:00 PM;0.000
1/23/19;2:15:00 PM;0.000
1/23/19;2:30:00 PM;0.000
1/23/19;2:45:00 PM;0.000
1/23/19;3:00:00 PM;0.000
1/23/19;3:15:00 PM;0.000
1/23/19;3:30:00 PM;0.000
1/23/19;3:45:00 PM;0.000
1/23/19;4:00:00 PM;0.000
1/23/19;4:15:00 PM;0.000
1/23/19;4:30:00 PM;0.000
1/23/19;4:45:00 PM;0.000
1/23/19;5:00:00 PM;0.000
1/23/19;5:15:00 PM;0.000
1/23/19;5:30:00 PM;0.000
1/23/19;5:45:00 PM;0.000
1/23/19;6:00:00 PM;0.000
1/23/19;6:15:00 PM;0.000
1/23/19;6:30:00 PM;0.000
1/23/19;6:45:00 PM;0.000
1/23/19;7:00:00 PM;0.000
1/23/19;7:15:00 PM;0.000
1/23/19;7:30:00 PM;0.000
1/23/19;7:45:00 PM;0.000
1/23/19;8:00:00 PM;0.000
1/23/19;8:15:00 PM;0.000
1/23/19;8:30:00 PM;0.000
1/23/19;8:45:00 PM;0.000
1/23/19;9:00:00 PM;0.000
1/23/19;9:15:00 PM;0.000
1/23/19;9:30:00 PM;0.000
1/23/19;9:45:00 PM;0.000
1/23/19;10:00:00 PM;0.000
1/23/19;10:15:00 PM;0.000
1/23/19;10:30:00 PM;0.000
1/23/19;10:45:00 PM;0.000
1/23/19;11:00:00 PM;0.000
1/23/19;11:15:00 PM;0.000
1/23/19;11:30:00 PM;0.000
1/23/19;11:45:00 PM;0.000
1/24/19;12:00:00 AM;0.000
1/24/19;12:15:00 AM;0.000
1/24/19;12:30:00 AM;0.000
1/24/19;12:45:00 AM;0.000
1/24/19;1:00:00 AM;0.000
1/24/19;1:15:00 AM;0.000
1/24/19;1:30:00 AM;0.000
1/24/19;1:45:00 AM;0.000
1/24/19;2:00:00 AM;0.000
1/24/19;2:15:00 AM;0.000
1/24/19;2:30:00 AM;0.000
1/24/19;2:45:00 AM;0.000
1/24/19;3:00:00 AM;0.000
1/24/19;3:15:00 AM;0.000
1/24/19;3:30:00 AM;0.000
1/24/19;3:45:00 AM;0.000
1/24/19;4:00:00 AM;0.000
1/24/19;4:15:00 AM;0.000
1/24/19;4:30:00 AM;0.000
1/24/19;4:45:00 AM;0.000
1/24/19;5:00:00 AM;0.000
1/24/19;5:15:00 AM;0.000
1/24/19;5:30:00 AM;0.000
1/24/19;5:45:00 AM;0.000
1/24/19;6:00:00 AM;0.000
1/24/19;6:15:00 AM;0.000
1/24/19;6:30:00 AM;0.000
1/24/19;6:45:00 AM;0.000
1/24/19;7:00:00 AM;0.000
1/24/19;7:15:00 AM;0.000
1/24/19;7:30:00 AM;0.000
1/24/19;7:45:00 AM;0.000
1/24/19;8:00:00 AM;0.000
1/24/19;8:15:00 AM;0.000
1/24/19;8:30:00 AM;0.000
1/24/19;8:45:00 AM;0.000
1/24/19;9:00:00 AM;0.000
1/24/19;9:15:00 AM;0.000
1/24/19;9:30:00 AM;0.000
1/24/19;9:45:00 AM;0.000
1/24/19;10:00:00 AM;0.000
1/24/19;10:15:00 AM;0.000
1/24/19;10:30:00 AM;0.000
1/24/19;10:45:00 AM;0.000
1/24/19;11:00:00 AM;0.000
1/24/19;11:15:00 AM;0.000
1/24/19;11:30:00 AM;0.000
1/24/19;11:45:00 AM;0.000
1/24/19;12:00:00 PM;0.000
1/24/19;12:15:00 PM;0.000
1/24/19;12:30:00 PM;0.000
1/24/19;12:45:00 PM;0.000
1/24/19;1:00:00 PM;0.000
1/24/19;1:15:00 PM;0.000
1/24/19;1:30:00 PM;0.000
1/24/19;1:45:00 PM;0.000
1/24/19;2:00:00 PM;0.000
1/24/19;2:15:00 PM;0.000
1/24/19;2:30:00 PM;0.000
1/24/19;2:45:00 PM;0.000
1/24/19;3:00:00 PM;0.000
1/24/19;3:15:00 PM;0.000
1/24/19;3:30:00 PM;0.000
1/24/19;3:45:00 PM;0.000
1/24/19;4:00:00 PM;0.000
1/24/19;4:15:00 PM;0.000
1/24/19;4:30:00 PM;0.000
1/24/19;4:45:00 PM;0.000
1/24/19;5:00:00 PM;0.000
1/24/19;5:15:00 PM;0.000
1/24/19;5:30:00 PM;0.000
1/24/19;5:45:00 PM;0.000
1/24/19;6:00:00 PM;0.000
1/24/19;6:15:00 PM;0.000
1/24/19;6:30:00 PM;0.000
1/24/19;6:45:00 PM;0.000
1/24/19;7:00:00 PM;0.000
1/24/19;7:15:00 PM;0.000
1/24/19;7:30:00 PM;0.000
1/24/19;7:45:00 PM;0.000
1/24/19;8:00:00 PM;0.000
1/24/19;8:15:00 PM;0.000
1/24/19;8:30:00 PM;0.000
1/24/19;8:45:00 PM;0.000
1/24/19;9:00:00 PM;0.000
1/24/19;9:15:00 PM;0.000
1/24/19;9:30:00 PM;0.000
1/24/19;9:45:00 PM;0.000
1/24/19;10:00:00 PM;0.000
1/24/19;10:15:00 PM;0.000
1/24/19;10:30:00 PM;0.000
1/24/19;10:45:00 PM;0.000
1/24/19;11:00:00 PM;0.000
1/24/19;11:15:00 PM;0.000
1/24/19;11:30:00 PM;0.000
1/24/19;11:45:00 PM;0.000
1/25/19;12:00:00 AM;0.000
1/25/19;12:15:00 AM;0.000
1/25/19;12:30:00 AM;0.000
1/25/19;12:45:00 AM;0.000
1/25/19;1:00:00 AM;0.000
1/25/19;1:15:00 AM;0.000
1/25/19;1:30:00 AM;0.000
1/25/19;1:45:00 AM;0.000
1/25/19;2:00:00 AM;0.000
1/25/19;2:15:00 AM;0.000
1/25/19;2:30:00 AM;0.000
1/25/19;2:45:00 AM;0.000
1/25/19;3:00:00 AM;0.000
1/25/19;3:15:00 AM;0.000
1/25/19;3:30:00 AM;0.000
1/25/19;3:45:00 AM;0.000
1/25/19;4:00:00 AM;0.000
1/25/19;4:15:00 AM;0.000
1/25/19;4:30:00 AM;0.000
1/25/19;4:45:00 AM;0.000
1/25/19;5:00:00 AM;0.000
1/25/19;5:15:00 AM;0.000
1/25/19;5:30:00 AM;0.000
1/25/19;5:45:00 AM;0.000
1/25/19;6:00:00 AM;0.000
1/25/19;6:15:00 AM;0.000
1/25/19;6:30:00 AM;0.000
1/25/19;6:45:00 AM;0.000
1/25/19;7:00:00 AM;0.000
1/25/19;7:15:00 AM;0.000
1/25/19;7:30:00 AM;0.000
1/25/19;7:45:00 AM;0.000
1/25/19;8:00:00 AM;0.000
1/25/19;8:15:00 AM;0.000
1/25/19;8:30:00 AM;0.000
1/25/19;8:45:00 AM;0.000
1/25/19;9:00:00 AM;0.000
1/25/19;9:15:00 AM;0.000
1/25/19;9:30:00 AM;0.000
1/25/19;9:45:00 AM;0.000
1/25/19;10:00:00 AM;0.000
1/25/19;10:15:00 AM;0.000
1/25/19;10:30:00 AM;0.000
1/25/19;10:45:00 AM;0.000
1/25/19;11:00:00 AM;0.000
1/25/19;11:15:00 AM;0.000
1/25/19;11:30:00 AM;0.000
1/25/19;11:45:00 AM;0.000
1/25/19;12:00:00 PM;0.000
1/25/19;12:15:00 PM;0.000
1/25/19;12:30:00 PM;0.000
1/25/19;12:45:00 PM;0.000
1/25/19;1:00:00 PM;0.000
1/25/19;1:15:00 PM;0.000
1/25/19;1:30:00 PM;0.000
1/25/19;1:45:00 PM;0.000
1/25/19;2:00:00 PM;0.000
1/25/19;2:15:00 PM;0.000
1/25/19;2:30:00 PM;0.000
1/25/19;2:45:00 PM;0.000
1/25/19;3:00:00 PM;0.000
1/25/19;3:15:00 PM;0.000
1/25/19;3:30:00 PM;0.000
1/25/19;3:45:00 PM;0.000
1/25/19;4:00:00 PM;0.000
1/25/19;4:15:00 PM;0.000
1/25/19;4:30:00 PM;0.000
1/25/19;4:45:00 PM;0.000
1/25/19;5:00:00 PM;0.000
1/25/19;5:15:00 PM;0.000
1/25/19;5:30:00 PM;0.000
1/25/19;5:45:00 PM;0.000
1/25/19;6:00:00 PM;0.000
1/25/19;6:15:00 PM;0.000
1/25/19;6:30:00 PM;0.000
1/25/19;6:45:00 PM;0.000
1/25/19;7:00:00 PM;0.000
1/25/19;7:15:00 PM;0.000
1/25/19;7:30:00 PM;0.000
1/25/19;7:45:00 PM;0.000
1/25/19;8:00:00 PM;0.000
1/25/19;8:15:00 PM;0.000
1/25/19;8:30:00 PM;0.000
1/25/19;8:45:00 PM;0.000
1/25/19;9:00:00 PM;0.000
1/25/19;9:15:00 PM;0.000
1/25/19;9:30:00 PM;0.000
1/25/19;9:45:00 PM;0.000
1/25/19;10:00:00 PM;0.000
1/25/19;10:15:00 PM;0.000
1/25/19;10:30:00 PM;0.000
1/25/19;10:45:00 PM;0.000
1/25/19;11:00:00 PM;0.000
1/25/19;11:15:00 PM;0.000
1/25/19;11:30:00 PM;0.000
1/25/19;11:45:00 PM;0.000
1/26/19;12:00:00 AM;0.000
1/26/19;12:15:00 AM;0.000
1/26/19;12:30:00 AM;0.000
1/26/19;12:45:00 AM;0.000
1/26/19;1:00:00 AM;0.000
1/26/19;1:15:00 AM;0.000
1/26/19;1:30:00 AM;0.000
1/26/19;1:45:00 AM;0.000
1/26/19;2:00:00 AM;0.000
1/26/19;2:15:00 AM;0.000
1/26/19;2:30:00 AM;0.000
1/26/19;2:45:00 AM;0.000
1/26/19;3:00:00 AM;0.000
1/26/19;3:15:00 AM;0.000
1/26/19;3:30:00 AM;0.000
1/26/19;3:45:00 AM;0.000
1/26/19;4:00:00 AM;0.000
1/26/19;4:15:00 AM;0.000
1/26/19;4:30:00 AM;0.000
1/26/19;4:45:00 AM;0.000
1/26/19;5:00:00 AM;0.000
1/26/19;5:15:00 AM;0.000
1/26/19;5:30:00 AM;0.000
1/26/19;5:45:00 AM;0.000
1/26/19;6:00:00 AM;0.000
1/26/19;6:15:00 AM;0.000
1/26/19;6:30:00 AM;0.000
1/26/19;6:45:00 AM;0.000
1/26/19;7:00:00 AM;0.000
1/26/19;7:15:00 AM;0.000
1/26/19;7:30:00 AM;0.000
1/26/19;7:45:00 AM;0.000
1/26/19;8:00:00 AM;0.000
1/26/19;8:15:00 AM;0.000
1/26/19;8:30:00 AM;0.000
1/26/19;8:45:00 AM;0.000
1/26/19;9:00:00 AM;0.000
1/26/19;9:15:00 AM;0.000
1/26/19;9:30:00 AM;0.000
1/26/19;9:45:00 AM;0.000
1/26/19;10:00:00 AM;0.000
1/26/19;10:15:00 AM;0.000
1/26/19;10:30:00 AM;0.000
1/26/19;10:45:00 AM;0.000
1/26/19;11:00:00 AM;0.000
1/26/19;11:15:00 AM;0.000
1/26/19;11:30:00 AM;0.000
1/26/19;11:45:00 AM;0.000
1/26/19;12:00:00 PM;0.000
1/26/19;12:15:00 PM;0.000
1/26/19;12:30:00 PM;0.000
1/26/19;12:45:00 PM;0.000
1/26/19;1:00:00 PM;0.000
1/26/19;1:15:00 PM;0.000
1/26/19;1:30:00 PM;0.000
1/26/19;1:45:00 PM;0.000
1/26/19;2:00:00 PM;0.000
1/26/19;2:15:00 PM;0.000
1/26/19;2:30:00 PM;0.000
1/26/19;2:45:00 PM;0.000
1/26/19;3:00:00 PM;0.000
1/26/19;3:15:00 PM;0.000
1/26/19;3:30:00 PM;0.000
1/26/19;3:45:00 PM;0.000
1/26/19;4:00:00 PM;0.000
1/26/19;4:15:00 PM;0.000
1/26/19;4:30:00 PM;0.000
1/26/19;4:45:00 PM;0.000
1/26/19;5:00:00 PM;0.000
1/26/19;5:15:00 PM;0.000
1/26/19;5:30:00 PM;0.000
1/26/19;5:45:00 PM;0.000
1/26/19;6:00:00 PM;0.000
1/26/19;6:15:00 PM;0.000
1/26/19;6:30:00 PM;0.000
1/26/19;6:45:00 PM;0.000
1/26/19;7:00:00 PM;0.000
1/26/19;7:15:00 PM;0.000
1/26/19;7:30:00 PM;0.000
1/26/19;7:45:00 PM;0.000
1/26/19;8:00:00 PM;0.000
1/26/19;8:15:00 PM;0.000
1/26/19;8:30:00 PM;0.000
1/26/19;8:45:00 PM;0.000
1/26/19;9:00:00 PM;0.000
1/26/19;9:15:00 PM;0.000
1/26/19;9:30:00 PM;0.000
1/26/19;9:45:00 PM;0.000
1/26/19;10:00:00 PM;0.000
1/26/19;10:15:00 PM;0.000
1/26/19;10:30:00 PM;0.000
1/26/19;10:45:00 PM;0.000
1/26/19;11:00:00 PM;0.000
1/26/19;11:15:00 PM;0.000
1/26/19;11:30:00 PM;0.000
1/26/19;11:45:00 PM;0.000
1/27/19;12:00:00 AM;0.000
1/27/19;12:15:00 AM;0.000
1/27/19;12:30:00 AM;0.000
1/27/19;12:45:00 AM;0.000
1/27/19;1:00:00 AM;0.000
1/27/19;1:15:00 AM;0.000
1/27/19;1:30:00 AM;0.000
1/27/19;1:45:00 AM;0.000
1/27/19;2:00:00 AM;0.000
1/27/19;2:15:00 AM;0.000
1/27/19;2:30:00 AM;0.000
1/27/19;2:45:00 AM;0.000
1/27/19;3:00:00 AM;0.000
1/27/19;3:15:00 AM;0.000
1/27/19;3:30:00 AM;0.000
1/27/19;3:45:00 AM;0.000
1/27/19;4:00:00 AM;0.000
1/27/19;4:15:00 AM;0.000
1/27/19;4:30:00 AM;0.000
1/27/19;4:45:00 AM;0.000
1/27/19;5:00:00 AM;0.000
1/27/19;5:15:00 AM;0.000
1/27/19;5:30:00 AM;0.000
1/27/19;5:45:00 AM;0.000
1/27/19;6:00:00 AM;0.000
1/27/19;6:15:00 AM;0.000
1/27/19;6:30:00 AM;0.000
1/27/19;6:45:00 AM;0.000
1/27/19;7:00:00 AM;0.000
1/27/19;7:15:00 AM;0.000
1/27/19;7:30:00 AM;0.000
1/27/19;7:45:00 AM;0.000
1/27/19;8:00:00 AM;0.000
1/27/19;8:15:00 AM;0.000
1/27/19;8:30:00 AM;0.000
1/27/19;8:45:00 AM;0.000
1/27/19;9:00:00 AM;0.000
1/27/19;9:15:00 AM;0.000
1/27/19;9:30:00 AM;0.000
1/27/19;9:45:00 AM;0.000
1/27/19;10:00:00 AM;0.000
1/27/19;10:15:00 AM;0.000
1/27/19;10:30:00 AM;0.000
1/27/19;10:45:00 AM;0.000
1/27/19;11:00:00 AM;0.000
1/27/19;11:15:00 AM;0.000
1/27/19;11:30:00 AM;0.000
1/27/19;11:45:00 AM;0.000
1/27/19;12:00:00 PM;0.000
1/27/19;12:15:00 PM;0.000
1/27/19;12:30:00 PM;0.000
1/27/19;12:45:00 PM;0.000
1/27/19;1:00:00 PM;0.000
1/27/19;1:15:00 PM;0.000
1/27/19;1:30:00 PM;0.000
1/27/19;1:45:00 PM;0.000
1/27/19;2:00:00 PM;0.000
1/27/19;2:15:00 PM;0.000
1/27/19;2:30:00 PM;0.000
1/27/19;2:45:00 PM;0.000
1/27/19;3:00:00 PM;0.000
1/27/19;3:15:00 PM;0.000
1/27/19;3:30:00 PM;0.000
1/27/19;3:45:00 PM;0.000
1/27/19;4:00:00 PM;0.000
1/27/19;4:15:00 PM;0.000
1/27/19;4:30:00 PM;0.000
1/27/19;4:45:00 PM;0.000
1/27/19;5:00:00 PM;0.000
1/27/19;5:15:00 PM;0.000
1/27/19;5:30:00 PM;0.000
1/27/19;5:45:00 PM;0.000
1/27/19;6:00:00 PM;0.000
1/27/19;6:15:00 PM;0.000
1/27/19;6:30:00 PM;0.000
1/27/19;6:45:00 PM;0.000
1/27/19;7:00:00 PM;0.000
1/27/19;7:15:00 PM;0.000
1/27/19;7:30:00 PM;0.000
1/27/19;7:45:00 PM;0.000
1/27/19;8:00:00 PM;0.000
1/27/19;8:15:00 PM;0.000
1/27/19;8:30:00 PM;0.000
1/27/19;8:45:00 PM;0.000
1/27/19;9:00:00 PM;0.000
1/27/19;9:15:00 PM;0.000
1/27/19;9:30:00 PM;0.000
1/27/19;9:45:00 PM;0.000
1/27/19;10:00:00 PM;0.000
1/27/19;10:15:00 PM;0.000
1/27/19;10:30:00 PM;0.000
1/27/19;10:45:00 PM;0.000
1/27/19;11:00:00 PM;0.000
1/27/19;11:15:00 PM;0.000
1/27/19;11:30:00 PM;0.000
1/27/19;11:45:00 PM;0.000
1/28/19;12:00:00 AM;0.000
1/28/19;12:15:00 AM;0.000
1/28/19;12:30:00 AM;0.000
1/28/19;12:45:00 AM;0.000
1/28/19;1:00:00 AM;0.000
1/28/19;1:15:00 AM;0.000
1/28/19;1:30:00 AM;0.000
1/28/19;1:45:00 AM;0.000
1/28/19;2:00:00 AM;0.000
1/28/19;2:15:00 AM;0.000
1/28/19;2:30:00 AM;0.000
1/28/19;2:45:00 AM;0.000
1/28/19;3:00:00 AM;0.000
1/28/19;3:15:00 AM;0.000
1/28/19;3:30:00 AM;0.000
1/28/19;3:45:00 AM;0.000
1/28/19;4:00:00 AM;0.000
1/28/19;4:15:00 AM;0.000
1/28/19;4:30:00 AM;0.000
1/28/19;4:45:00 AM;0.000
1/28/19;5:00:00 AM;0.000
1/28/19;5:15:00 AM;0.000
1/28/19;5:30:00 AM;0.000
1/28/19;5:45:00 AM;0.000
1/28/19;6:00:00 AM;0.000
1/28/19;6:15:00 AM;0.000
1/28/19;6:30:00 AM;0.000
1/28/19;6:45:00 AM;0.000
1/28/19;7:00:00 AM;0.000
1/28/19;7:15:00 AM;0.000
1/28/19;7:30:00 AM;0.000
1/28/19;7:45:00 AM;0.000
1/28/19;8:00:00 AM;0.000
1/28/19;8:15:00 AM;0.000
1/28/19;8:30:00 AM;0.000
1/28/19;8:45:00 AM;0.000
1/28/19;9:00:00 AM;0.000
1/28/19;9:15:00 AM;0.000
1/28/19;9:30:00 AM;0.000
1/28/19;9:45:00 AM;0.000
1/28/19;10:00:00 AM;0.000
1/28/19;10:15:00 AM;0.000
1/28/19;10:30:00 AM;0.000
1/28/19;10:45:00 AM;0.000
1/28/19;11:00:00 AM;0.000
1/28/19;11:15:00 AM;0.000
1/28/19;11:30:00 AM;0.000
1/28/19;11:45:00 AM;0.000
1/28/19;12:00:00 PM;0.000
1/28/19;12:15:00 PM;0.000
1/28/19;12:30:00 PM;0.000
1/28/19;12:45:00 PM;0.000
1/28/19;1:00:00 PM;0.000
1/28/19;1:15:00 PM;0.000
1/28/19;1:30:00 PM;0.000
1/28/19;1:45:00 PM;0.000
1/28/19;2:00:00 PM;0.000
1/28/19;2:15:00 PM;0.000
1/28/19;2:30:00 PM;0.000
1/28/19;2:45:00 PM;0.000
1/28/19;3:00:00 PM;0.000
1/28/19;3:15:00 PM;0.000
1/28/19;3:30:00 PM;0.000
1/28/19;3:45:00 PM;0.000
1/28/19;4:00:00 PM;0.000
1/28/19;4:15:00 PM;0.000
1/28/19;4:30:00 PM;0.000
1/28/19;4:45:00 PM;0.000
1/28/19;5:00:00 PM;0.000
1/28/19;5:15:00 PM;0.000
1/28/19;5:30:00 PM;0.000
1/28/19;5:45:00 PM;0.000
1/28/19;6:00:00 PM;0.000
1/28/19;6:15:00 PM;0.000
1/28/19;6:30:00 PM;0.000
1/28/19;6:45:00 PM;0.000
1/28/19;7:00:00 PM;0.000
1/28/19;7:15:00 PM;0.000
1/28/19;7:30:00 PM;0.000
1/28/19;7:45:00 PM;0.000
1/28/19;8:00:00 PM;0.000
1/28/19;8:15:00 PM;0.000
1/28/19;8:30:00 PM;0.000
1/28/19;8:45:00 PM;0.000
1/28/19;9:00:00 PM;0.000
1/28/19;9:15:00 PM;0.000
1/28/19;9:30:00 PM;0.000
1/28/19;9:45:00 PM;0.000
1/28/19;10:00:00 PM;0.000
1/28/19;10:15:00 PM;0.000
1/28/19;10:30:00 PM;0.000
1/28/19;10:45:00 PM;0.000
1/28/19;11:00:00 PM;0.000
1/28/19;11:15:00 PM;0.000
1/28/19;11:30:00 PM;0.000
1/28/19;11:45:00 PM;0.000
1/29/19;12:00:00 AM;0.000
1/29/19;12:15:00 AM;0.000
1/29/19;12:30:00 AM;0.000
1/29/19;12:45:00 AM;0.000
1/29/19;1:00:00 AM;0.000
1/29/19;1:15:00 AM;0.000
1/29/19;1:30:00 AM;0.000
1/29/19;1:45:00 AM;0.000
1/29/19;2:00:00 AM;0.000
1/29/19;2:15:00 AM;0.000
1/29/19;2:30:00 AM;0.000
1/29/19;2:45:00 AM;0.000
1/29/19;3:00:00 AM;0.000
1/29/19;3:15:00 AM;0.000
1/29/19;3:30:00 AM;0.000
1/29/19;3:45:00 AM;0.000
1/29/19;4:00:00 AM;0.000
1/29/19;4:15:00 AM;0.000
1/29/19;4:30:00 AM;0.000
1/29/19;4:45:00 AM;0.000
1/29/19;5:00:00 AM;0.000
1/29/19;5:15:00 AM;0.000
1/29/19;5:30:00 AM;0.000
1/29/19;5:45:00 AM;0.000
1/29/19;6:00:00 AM;0.000
1/29/19;6:15:00 AM;0.000
1/29/19;6:30:00 AM;0.000
1/29/19;6:45:00 AM;0.000
1/29/19;7:00:00 AM;0.000
1/29/19;7:15:00 AM;0.000
1/29/19;7:30:00 AM;0.000
1/29/19;7:45:00 AM;0.000
1/29/19;8:00:00 AM;0.000
1/29/19;8:15:00 AM;0.000
1/29/19;8:30:00 AM;0.000
1/29/19;8:45:00 AM;0.000
1/29/19;9:00:00 AM;0.000
1/29/19;9:15:00 AM;0.000
1/29/19;9:30:00 AM;0.000
1/29/19;9:45:00 AM;0.000
1/29/19;10:00:00 AM;0.000
1/29/19;10:15:00 AM;0.000
1/29/19;10:30:00 AM;0.000
1/29/19;10:45:00 AM;0.000
1/29/19;11:00:00 AM;0.000
1/29/19;11:15:00 AM;0.000
1/29/19;11:30:00 AM;0.000
1/29/19;11:45:00 AM;0.000
1/29/19;12:00:00 PM;0.000
1/29/19;12:15:00 PM;0.000
1/29/19;12:30:00 PM;0.000
1/29/19;12:45:00 PM;0.000
1/29/19;1:00:00 PM;0.000
1/29/19;1:15:00 PM;0.000
1/29/19;1:30:00 PM;0.000
1/29/19;1:45:00 PM;0.000
1/29/19;2:00:00 PM;0.000
1/29/19;2:15:00 PM;0.000
1/29/19;2:30:00 PM;0.000
1/29/19;2:45:00 PM;0.000
1/29/19;3:00:00 PM;0.000
1/29/19;3:15:00 PM;0.000
1/29/19;3:30:00 PM;0.000
1/29/19;3:45:00 PM;0.000
1/29/19;4:00:00 PM;0.000
1/29/19;4:15:00 PM;0.000
1/29/19;4:30:00 PM;0.000
1/29/19;4:45:00 PM;0.000
1/29/19;5:00:00 PM;0.000
1/29/19;5:15:00 PM;0.000
1/29/19;5:30:00 PM;0.000
1/29/19;5:45:00 PM;0.000
1/29/19;6:00:00 PM;0.000
1/29/19;6:15:00 PM;0.000
1/29/19;6:30:00 PM;0.000
1/29/19;6:45:00 PM;0.000
1/29/19;7:00:00 PM;0.000
1/29/19;7:15:00 PM;0.000
1/29/19;7:30:00 PM;0.000
1/29/19;7:45:00 PM;0.000
1/29/19;8:00:00 PM;0.000
1/29/19;8:15:00 PM;0.000
1/29/19;8:30:00 PM;0.000
1/29/19;8:45:00 PM;0.000
1/29/19;9:00:00 PM;0.000
1/29/19;9:15:00 PM;0.000
1/29/19;9:30:00 PM;0.000
1/29/19;9:45:00 PM;0.000
1/29/19;10:00:00 PM;0.000
1/29/19;10:15:00 PM;0.000
1/29/19;10:30:00 PM;0.000
1/29/19;10:45:00 PM;0.000
1/29/19;11:00:00 PM;0.000
1/29/19;11:15:00 PM;0.000
1/29/19;11:30:00 PM;0.000
1/29/19;11:45:00 PM;0.000
1/30/19;12:00:00 AM;0.000
1/30/19;12:15:00 AM;0.000
1/30/19;12:30:00 AM;0.000
1/30/19;12:45:00 AM;0.000
1/30/19;1:00:00 AM;0.000
1/30/19;1:15:00 AM;0.000
1/30/19;1:30:00 AM;0.000
1/30/19;1:45:00 AM;0.000
1/30/19;2:00:00 AM;0.000
1/30/19;2:15:00 AM;0.000
1/30/19;2:30:00 AM;0.000
1/30/19;2:45:00 AM;0.000
1/30/19;3:00:00 AM;0.000
1/30/19;3:15:00 AM;0.000
1/30/19;3:30:00 AM;0.000
1/30/19;3:45:00 AM;0.000
1/30/19;4:00:00 AM;0.000
1/30/19;4:15:00 AM;0.000
1/30/19;4:30:00 AM;0.000
1/30/19;4:45:00 AM;0.000
1/30/19;5:00:00 AM;0.000
1/30/19;5:15:00 AM;0.000
1/30/19;5:30:00 AM;0.000
1/30/19;5:45:00 AM;0.000
1/30/19;6:00:00 AM;0.000
1/30/19;6:15:00 AM;0.000
1/30/19;6:30:00 AM;0.000
1/30/19;6:45:00 AM;0.000
1/30/19;7:00:00 AM;0.000
1/30/19;7:15:00 AM;0.000
1/30/19;7:30:00 AM;0.000
1/30/19;7:45:00 AM;0.000
1/30/19;8:00:00 AM;0.000
1/30/19;8:15:00 AM;0.000
1/30/19;8:30:00 AM;0.000
1/30/19;8:45:00 AM;0.000
1/30/19;9:00:00 AM;0.000
1/30/19;9:15:00 AM;0.000
1/30/19;9:30:00 AM;0.000
1/30/19;9:45:00 AM;0.000
1/30/19;10:00:00 AM;0.000
1/30/19;10:15:00 AM;0.000
1/30/19;10:30:00 AM;0.000
1/30/19;10:45:00 AM;0.000
1/30/19;11:00:00 AM;0.000
1/30/19;11:15:00 AM;0.000
1/30/19;11:30:00 AM;0.000
1/30/19;11:45:00 AM;0.000
1/30/19;12:00:00 PM;0.000
1/30/19;12:15:00 PM;0.000
1/30/19;12:30:00 PM;0.000
1/30/19;12:45:00 PM;0.000
1/30/19;1:00:00 PM;0.000
1/30/19;1:15:00 PM;0.000
1/30/19;1:30:00 PM;0.000
1/30/19;1:45:00 PM;0.000
1/30/19;2:00:00 PM;0.000
1/30/19;2:15:00 PM;0.000
1/30/19;2:30:00 PM;0.000
1/30/19;2:45:00 PM;0.000
1/30/19;3:00:00 PM;0.000
1/30/19;3:15:00 PM;0.000
1/30/19;3:30:00 PM;0.000
1/30/19;3:45:00 PM;0.000
1/30/19;4:00:00 PM;0.000
1/30/19;4:15:00 PM;0.000
1/30/19;4:30:00 PM;0.000
1/30/19;4:45:00 PM;0.000
1/30/19;5:00:00 PM;0.000
1/30/19;5:15:00 PM;0.000
1/30/19;5:30:00 PM;0.000
1/30/19;5:45:00 PM;0.000
1/30/19;6:00:00 PM;0.000
1/30/19;6:15:00 PM;0.000
1/30/19;6:30:00 PM;0.000
1/30/19;6:45:00 PM;0.000
1/30/19;7:00:00 PM;0.000
1/30/19;7:15:00 PM;0.000
1/30/19;7:30:00 PM;0.000
1/30/19;7:45:00 PM;0.000
1/30/19;8:00:00 PM;0.000
1/30/19;8:15:00 PM;0.000
1/30/19;8:30:00 PM;0.000
1/30/19;8:45:00 PM;0.000
1/30/19;9:00:00 PM;0.000
1/30/19;9:15:00 PM;0.000
1/30/19;9:30:00 PM;0.000
1/30/19;9:45:00 PM;0.000
1/30/19;10:00:00 PM;0.000
1/30/19;10:15:00 PM;0.000
1/30/19;10:30:00 PM;0.000
1/30/19;10:45:00 PM;0.000
1/30/19;11:00:00 PM;0.000
1/30/19;11:15:00 PM;0.000
1/30/19;11:30:00 PM;0.000
1/30/19;11:45:00 PM;0.000
1/31/19;12:00:00 AM;0.000
1/31/19;12:15:00 AM;0.000
1/31/19;12:30:00 AM;0.000
1/31/19;12:45:00 AM;0.000
1/31/19;1:00:00 AM;0.000
1/31/19;1:15:00 AM;0.000
1/31/19;1:30:00 AM;0.000
1/31/19;1:45:00 AM;0.000
1/31/19;2:00:00 AM;0.000
1/31/19;2:15:00 AM;0.000
1/31/19;2:30:00 AM;0.000
1/31/19;2:45:00 AM;0.000
1/31/19;3:00:00 AM;0.146
1/31/19;3:15:00 AM;0.063
1/31/19;3:30:00 AM;0.094
1/31/19;3:45:00 AM;0.083
1/31/19;4:00:00 AM;0.035
1/31/19;4:15:00 AM;0.035
1/31/19;4:30:00 AM;0.035
1/31/19;4:45:00 AM;0.043
1/31/19;5:00:00 AM;0.106
1/31/19;5:15:00 AM;0.157
1/31/19;5:30:00 AM;0.035
1/31/19;5:45:00 AM;0.031
1/31/19;6:00:00 AM;0.028
1/31/19;6:15:00 AM;0.008
1/31/19;6:30:00 AM;0.004
1/31/19;6:45:00 AM;0.020
1/31/19;7:00:00 AM;0.008
1/31/19;7:15:00 AM;0.012
1/31/19;7:30:00 AM;0.016
1/31/19;7:45:00 AM;0.000
1/31/19;8:00:00 AM;0.000
1/31/19;8:15:00 AM;0.004
1/31/19;8:30:00 AM;0.000
1/31/19;8:45:00 AM;0.000
1/31/19;9:00:00 AM;0.004
1/31/19;9:15:00 AM;0.004
1/31/19;9:30:00 AM;0.000
1/31/19;9:45:00 AM;0.000
1/31/19;10:00:00 AM;0.000
1/31/19;10:15:00 AM;0.000
1/31/19;10:30:00 AM;0.000
1/31/19;10:45:00 AM;0.000
1/31/19;11:00:00 AM;0.000
1/31/19;11:15:00 AM;0.000
1/31/19;11:30:00 AM;0.000
1/31/19;11:45:00 AM;0.000
1/31/19;12:00:00 PM;0.000
1/31/19;12:15:00 PM;0.000
1/31/19;12:30:00 PM;0.000
1/31/19;12:45:00 PM;0.000
1/31/19;1:00:00 PM;0.000
1/31/19;1:15:00 PM;0.000
1/31/19;1:30:00 PM;0.000
1/31/19;1:45:00 PM;0.000
1/31/19;2:00:00 PM;0.000
1/31/19;2:15:00 PM;0.000
1/31/19;2:30:00 PM;0.000
1/31/19;2:45:00 PM;0.000
1/31/19;3:00:00 PM;0.000
1/31/19;3:15:00 PM;0.000
1/31/19;3:30:00 PM;0.000
1/31/19;3:45:00 PM;0.000
1/31/19;4:00:00 PM;0.000
1/31/19;4:15:00 PM;0.000
1/31/19;4:30:00 PM;0.000
1/31/19;4:45:00 PM;0.000
1/31/19;5:00:00 PM;0.000
1/31/19;5:15:00 PM;0.000
1/31/19;5:30:00 PM;0.000
1/31/19;5:45:00 PM;0.000
1/31/19;6:00:00 PM;0.000
1/31/19;6:15:00 PM;0.000
1/31/19;6:30:00 PM;0.000
1/31/19;6:45:00 PM;0.000
1/31/19;7:00:00 PM;0.000
1/31/19;7:15:00 PM;0.000
1/31/19;7:30:00 PM;0.000
1/31/19;7:45:00 PM;0.000
1/31/19;8:00:00 PM;0.000
1/31/19;8:15:00 PM;0.000
1/31/19;8:30:00 PM;0.000
1/31/19;8:45:00 PM;0.000
1/31/19;9:00:00 PM;0.000
1/31/19;9:15:00 PM;0.000
1/31/19;9:30:00 PM;0.000
1/31/19;9:45:00 PM;0.000
1/31/19;10:00:00 PM;0.000
1/31/19;10:15:00 PM;0.000
1/31/19;10:30:00 PM;0.000
1/31/19;10:45:00 PM;0.000
1/31/19;11:00:00 PM;0.000
1/31/19;11:15:00 PM;0.000
1/31/19;11:30:00 PM;0.000
1/31/19;11:45:00 PM;0.000
2/1/19;12:00:00 AM;0.000
2/1/19;12:15:00 AM;0.000
2/1/19;12:30:00 AM;0.000
2/1/19;12:45:00 AM;0.000
2/1/19;1:00:00 AM;0.000
2/1/19;1:15:00 AM;0.000
2/1/19;1:30:00 AM;0.000
2/1/19;1:45:00 AM;0.000
2/1/19;2:00:00 AM;0.000
2/1/19;2:15:00 AM;0.000
2/1/19;2:30:00 AM;0.000
2/1/19;2:45:00 AM;0.000
2/1/19;3:00:00 AM;0.000
2/1/19;3:15:00 AM;0.000
2/1/19;3:30:00 AM;0.000
2/1/19;3:45:00 AM;0.000
2/1/19;4:00:00 AM;0.000
2/1/19;4:15:00 AM;0.000
2/1/19;4:30:00 AM;0.000
2/1/19;4:45:00 AM;0.000
2/1/19;5:00:00 AM;0.000
2/1/19;5:15:00 AM;0.000
2/1/19;5:30:00 AM;0.000
2/1/19;5:45:00 AM;0.000
2/1/19;6:00:00 AM;0.000
2/1/19;6:15:00 AM;0.000
2/1/19;6:30:00 AM;0.000
2/1/19;6:45:00 AM;0.000
2/1/19;7:00:00 AM;0.000
2/1/19;7:15:00 AM;0.000
2/1/19;7:30:00 AM;0.000
2/1/19;7:45:00 AM;0.000
2/1/19;8:00:00 AM;0.000
2/1/19;8:15:00 AM;0.000
2/1/19;8:30:00 AM;0.000
2/1/19;8:45:00 AM;0.000
2/1/19;9:00:00 AM;0.000
2/1/19;9:15:00 AM;0.000
2/1/19;9:30:00 AM;0.000
2/1/19;9:45:00 AM;0.000
2/1/19;10:00:00 AM;0.000
2/1/19;10:15:00 AM;0.000
2/1/19;10:30:00 AM;0.000
2/1/19;10:45:00 AM;0.000
2/1/19;11:00:00 AM;0.000
2/1/19;11:15:00 AM;0.000
2/1/19;11:30:00 AM;0.000
2/1/19;11:45:00 AM;0.000
2/1/19;12:00:00 PM;0.000
2/1/19;12:15:00 PM;0.000
2/1/19;12:30:00 PM;0.000
2/1/19;12:45:00 PM;0.000
2/1/19;1:00:00 PM;0.000
2/1/19;1:15:00 PM;0.000
2/1/19;1:30:00 PM;0.000
2/1/19;1:45:00 PM;0.000
2/1/19;2:00:00 PM;0.000
2/1/19;2:15:00 PM;0.000
2/1/19;2:30:00 PM;0.000
2/1/19;2:45:00 PM;0.000
2/1/19;3:00:00 PM;0.000
2/1/19;3:15:00 PM;0.000
2/1/19;3:30:00 PM;0.000
2/1/19;3:45:00 PM;0.000
2/1/19;4:00:00 PM;0.000
2/1/19;4:15:00 PM;0.000
2/1/19;4:30:00 PM;0.000
2/1/19;4:45:00 PM;0.004
2/1/19;5:00:00 PM;0.004
2/1/19;5:15:00 PM;0.004
2/1/19;5:30:00 PM;0.004
2/1/19;5:45:00 PM;0.000
2/1/19;6:00:00 PM;0.004
2/1/19;6:15:00 PM;0.004
2/1/19;6:30:00 PM;0.004
2/1/19;6:45:00 PM;0.000
2/1/19;7:00:00 PM;0.000
2/1/19;7:15:00 PM;0.000
2/1/19;7:30:00 PM;0.000
2/1/19;7:45:00 PM;0.000
2/1/19;8:00:00 PM;0.008
2/1/19;8:15:00 PM;0.000
2/1/19;8:30:00 PM;0.004
2/1/19;8:45:00 PM;0.004
2/1/19;9:00:00 PM;0.008
2/1/19;9:15:00 PM;0.020
2/1/19;9:30:00 PM;0.031
2/1/19;9:45:00 PM;0.035
2/1/19;10:00:00 PM;0.043
2/1/19;10:15:00 PM;0.031
2/1/19;10:30:00 PM;0.016
2/1/19;10:45:00 PM;0.004
2/1/19;11:00:00 PM;0.004
2/1/19;11:15:00 PM;0.000
2/1/19;11:30:00 PM;0.000
2/1/19;11:45:00 PM;0.004
2/2/19;12:00:00 AM;0.008
2/2/19;12:15:00 AM;0.012
2/2/19;12:30:00 AM;0.031
2/2/19;12:45:00 AM;0.039
2/2/19;1:00:00 AM;0.035
2/2/19;1:15:00 AM;0.004
2/2/19;1:30:00 AM;0.000
2/2/19;1:45:00 AM;0.000
2/2/19;2:00:00 AM;0.000
2/2/19;2:15:00 AM;0.000
2/2/19;2:30:00 AM;0.000
2/2/19;2:45:00 AM;0.000
2/2/19;3:00:00 AM;0.000
2/2/19;3:15:00 AM;0.000
2/2/19;3:30:00 AM;0.000
2/2/19;3:45:00 AM;0.004
2/2/19;4:00:00 AM;0.008
2/2/19;4:15:00 AM;0.000
2/2/19;4:30:00 AM;0.000
2/2/19;4:45:00 AM;0.000
2/2/19;5:00:00 AM;0.000
2/2/19;5:15:00 AM;0.008
2/2/19;5:30:00 AM;0.004
2/2/19;5:45:00 AM;0.004
2/2/19;6:00:00 AM;0.000
2/2/19;6:15:00 AM;0.008
2/2/19;6:30:00 AM;0.264
2/2/19;6:45:00 AM;0.094
2/2/19;7:00:00 AM;0.075
2/2/19;7:15:00 AM;0.083
2/2/19;7:30:00 AM;0.071
2/2/19;7:45:00 AM;0.028
2/2/19;8:00:00 AM;0.000
2/2/19;8:15:00 AM;0.004
2/2/19;8:30:00 AM;0.008
2/2/19;8:45:00 AM;0.000
2/2/19;9:00:00 AM;0.035
2/2/19;9:15:00 AM;0.008
2/2/19;9:30:00 AM;0.008
2/2/19;9:45:00 AM;0.051
2/2/19;10:00:00 AM;0.008
2/2/19;10:15:00 AM;0.008
2/2/19;10:30:00 AM;0.012
2/2/19;10:45:00 AM;0.004
2/2/19;11:00:00 AM;0.012
2/2/19;11:15:00 AM;0.004
2/2/19;11:30:00 AM;0.000
2/2/19;11:45:00 AM;0.024
2/2/19;12:00:00 PM;0.035
2/2/19;12:15:00 PM;0.000
2/2/19;12:30:00 PM;0.000
2/2/19;12:45:00 PM;0.004
2/2/19;1:00:00 PM;0.000
2/2/19;1:15:00 PM;0.008
2/2/19;1:30:00 PM;0.004
2/2/19;1:45:00 PM;0.000
2/2/19;2:00:00 PM;0.000
2/2/19;2:15:00 PM;0.000
2/2/19;2:30:00 PM;0.000
2/2/19;2:45:00 PM;0.000
2/2/19;3:00:00 PM;0.000
2/2/19;3:15:00 PM;0.000
2/2/19;3:30:00 PM;0.000
2/2/19;3:45:00 PM;0.000
2/2/19;4:00:00 PM;0.000
2/2/19;4:15:00 PM;0.000
2/2/19;4:30:00 PM;0.000
2/2/19;4:45:00 PM;0.000
2/2/19;5:00:00 PM;0.000
2/2/19;5:15:00 PM;0.000
2/2/19;5:30:00 PM;0.000
2/2/19;5:45:00 PM;0.000
2/2/19;6:00:00 PM;0.000
2/2/19;6:15:00 PM;0.000
2/2/19;6:30:00 PM;0.000
2/2/19;6:45:00 PM;0.000
2/2/19;7:00:00 PM;0.000
2/2/19;7:15:00 PM;0.000
2/2/19;7:30:00 PM;0.000
2/2/19;7:45:00 PM;0.000
2/2/19;8:00:00 PM;0.012
2/2/19;8:15:00 PM;0.020
2/2/19;8:30:00 PM;0.004
2/2/19;8:45:00 PM;0.020
2/2/19;9:00:00 PM;0.035
2/2/19;9:15:00 PM;0.047
2/2/19;9:30:00 PM;0.087
2/2/19;9:45:00 PM;0.043
2/2/19;10:00:00 PM;0.075
2/2/19;10:15:00 PM;0.051
2/2/19;10:30:00 PM;0.091
2/2/19;10:45:00 PM;0.083
2/2/19;11:00:00 PM;0.043
2/2/19;11:15:00 PM;0.020
2/2/19;11:30:00 PM;0.051
2/2/19;11:45:00 PM;0.016
2/3/19;12:00:00 AM;0.008
2/3/19;12:15:00 AM;0.063
2/3/19;12:30:00 AM;0.071
2/3/19;12:45:00 AM;0.087
2/3/19;1:00:00 AM;0.012
2/3/19;1:15:00 AM;0.016
2/3/19;1:30:00 AM;0.043
2/3/19;1:45:00 AM;0.000
2/3/19;2:00:00 AM;0.000
2/3/19;2:15:00 AM;0.000
2/3/19;2:30:00 AM;0.000
2/3/19;2:45:00 AM;0.000
2/3/19;3:00:00 AM;0.004
2/3/19;3:15:00 AM;0.016
2/3/19;3:30:00 AM;0.004
2/3/19;3:45:00 AM;0.004
2/3/19;4:00:00 AM;0.004
2/3/19;4:15:00 AM;0.000
2/3/19;4:30:00 AM;0.000
2/3/19;4:45:00 AM;0.000
2/3/19;5:00:00 AM;0.000
2/3/19;5:15:00 AM;0.000
2/3/19;5:30:00 AM;0.000
2/3/19;5:45:00 AM;0.004
2/3/19;6:00:00 AM;0.024
2/3/19;6:15:00 AM;0.000
2/3/19;6:30:00 AM;0.000
2/3/19;6:45:00 AM;0.004
2/3/19;7:00:00 AM;0.004
2/3/19;7:15:00 AM;0.020
2/3/19;7:30:00 AM;0.020
2/3/19;7:45:00 AM;0.012
2/3/19;8:00:00 AM;0.000
2/3/19;8:15:00 AM;0.000
2/3/19;8:30:00 AM;0.000
2/3/19;8:45:00 AM;0.016
2/3/19;9:00:00 AM;0.000
2/3/19;9:15:00 AM;0.000
2/3/19;9:30:00 AM;0.000
2/3/19;9:45:00 AM;0.004
2/3/19;10:00:00 AM;0.004
2/3/19;10:15:00 AM;0.000
2/3/19;10:30:00 AM;0.016
2/3/19;10:45:00 AM;0.004
2/3/19;11:00:00 AM;0.020
2/3/19;11:15:00 AM;0.000
2/3/19;11:30:00 AM;0.008
2/3/19;11:45:00 AM;0.004
2/3/19;12:00:00 PM;0.000
2/3/19;12:15:00 PM;0.000
2/3/19;12:30:00 PM;0.000
2/3/19;12:45:00 PM;0.000
2/3/19;1:00:00 PM;0.000
2/3/19;1:15:00 PM;0.000
2/3/19;1:30:00 PM;0.000
2/3/19;1:45:00 PM;0.000
2/3/19;2:00:00 PM;0.008
2/3/19;2:15:00 PM;0.035
2/3/19;2:30:00 PM;0.000
2/3/19;2:45:00 PM;0.000
2/3/19;3:00:00 PM;0.000
2/3/19;3:15:00 PM;0.000
2/3/19;3:30:00 PM;0.008
2/3/19;3:45:00 PM;0.000
2/3/19;4:00:00 PM;0.000
2/3/19;4:15:00 PM;0.000
2/3/19;4:30:00 PM;0.000
2/3/19;4:45:00 PM;0.000
2/3/19;5:00:00 PM;0.000
2/3/19;5:15:00 PM;0.000
2/3/19;5:30:00 PM;0.000
2/3/19;5:45:00 PM;0.004
2/3/19;6:00:00 PM;0.008
2/3/19;6:15:00 PM;0.004
2/3/19;6:30:00 PM;0.000
2/3/19;6:45:00 PM;0.000
2/3/19;7:00:00 PM;0.000
2/3/19;7:15:00 PM;0.000
2/3/19;7:30:00 PM;0.000
2/3/19;7:45:00 PM;0.000
2/3/19;8:00:00 PM;0.004
2/3/19;8:15:00 PM;0.000
2/3/19;8:30:00 PM;0.000
2/3/19;8:45:00 PM;0.000
2/3/19;9:00:00 PM;0.000
2/3/19;9:15:00 PM;0.000
2/3/19;9:30:00 PM;0.000
2/3/19;9:45:00 PM;0.000
2/3/19;10:00:00 PM;0.000
2/3/19;10:15:00 PM;0.000
2/3/19;10:30:00 PM;0.020
2/3/19;10:45:00 PM;0.000
2/3/19;11:00:00 PM;0.004
2/3/19;11:15:00 PM;0.000
2/3/19;11:30:00 PM;0.004
2/3/19;11:45:00 PM;0.008
2/4/19;12:00:00 AM;0.000
2/4/19;12:15:00 AM;0.000
2/4/19;12:30:00 AM;0.000
2/4/19;12:45:00 AM;0.000
2/4/19;1:00:00 AM;0.000
2/4/19;1:15:00 AM;0.000
2/4/19;1:30:00 AM;0.000
2/4/19;1:45:00 AM;0.000
2/4/19;2:00:00 AM;0.000
2/4/19;2:15:00 AM;0.016
2/4/19;2:30:00 AM;0.000
2/4/19;2:45:00 AM;0.000
2/4/19;3:00:00 AM;0.000
2/4/19;3:15:00 AM;0.004
2/4/19;3:30:00 AM;0.024
2/4/19;3:45:00 AM;0.043
2/4/19;4:00:00 AM;0.059
2/4/19;4:15:00 AM;0.071
2/4/19;4:30:00 AM;0.098
2/4/19;4:45:00 AM;0.075
2/4/19;5:00:00 AM;0.020
2/4/19;5:15:00 AM;0.039
2/4/19;5:30:00 AM;0.000
2/4/19;5:45:00 AM;0.004
2/4/19;6:00:00 AM;0.004
2/4/19;6:15:00 AM;0.004
2/4/19;6:30:00 AM;0.004
2/4/19;6:45:00 AM;0.000
2/4/19;7:00:00 AM;0.000
2/4/19;7:15:00 AM;0.000
2/4/19;7:30:00 AM;0.008
2/4/19;7:45:00 AM;0.047
2/4/19;8:00:00 AM;0.000
2/4/19;8:15:00 AM;0.000
2/4/19;8:30:00 AM;0.000
2/4/19;8:45:00 AM;0.000
2/4/19;9:00:00 AM;0.024
2/4/19;9:15:00 AM;0.000
2/4/19;9:30:00 AM;0.004
2/4/19;9:45:00 AM;0.000
2/4/19;10:00:00 AM;0.000
2/4/19;10:15:00 AM;0.000
2/4/19;10:30:00 AM;0.000
2/4/19;10:45:00 AM;0.000
2/4/19;11:00:00 AM;0.000
2/4/19;11:15:00 AM;0.000
2/4/19;11:30:00 AM;0.000
2/4/19;11:45:00 AM;0.000
2/4/19;12:00:00 PM;0.000
2/4/19;12:15:00 PM;0.000
2/4/19;12:30:00 PM;0.000
2/4/19;12:45:00 PM;0.012
2/4/19;1:00:00 PM;0.004
2/4/19;1:15:00 PM;0.000
2/4/19;1:30:00 PM;0.000
2/4/19;1:45:00 PM;0.000
2/4/19;2:00:00 PM;0.000
2/4/19;2:15:00 PM;0.000
2/4/19;2:30:00 PM;0.000
2/4/19;2:45:00 PM;0.016
2/4/19;3:00:00 PM;0.000
2/4/19;3:15:00 PM;0.004
2/4/19;3:30:00 PM;0.024
2/4/19;3:45:00 PM;0.008
2/4/19;4:00:00 PM;0.000
2/4/19;4:15:00 PM;0.000
2/4/19;4:30:00 PM;0.031
2/4/19;4:45:00 PM;0.004
2/4/19;5:00:00 PM;0.000
2/4/19;5:15:00 PM;0.000
2/4/19;5:30:00 PM;0.000
2/4/19;5:45:00 PM;0.004
2/4/19;6:00:00 PM;0.000
2/4/19;6:15:00 PM;0.035
2/4/19;6:30:00 PM;0.004
2/4/19;6:45:00 PM;0.004
2/4/19;7:00:00 PM;0.004
2/4/19;7:15:00 PM;0.000
2/4/19;7:30:00 PM;0.000
2/4/19;7:45:00 PM;0.000
2/4/19;8:00:00 PM;0.000
2/4/19;8:15:00 PM;0.000
2/4/19;8:30:00 PM;0.000
2/4/19;8:45:00 PM;0.004
2/4/19;9:00:00 PM;0.000
2/4/19;9:15:00 PM;0.000
2/4/19;9:30:00 PM;0.000
2/4/19;9:45:00 PM;0.024
2/4/19;10:00:00 PM;0.004
2/4/19;10:15:00 PM;0.000
2/4/19;10:30:00 PM;0.000
2/4/19;10:45:00 PM;0.000
2/4/19;11:00:00 PM;0.000
2/4/19;11:15:00 PM;0.012
2/4/19;11:30:00 PM;0.000
2/4/19;11:45:00 PM;0.000
2/5/19;12:00:00 AM;0.000
2/5/19;12:15:00 AM;0.004
2/5/19;12:30:00 AM;0.000
2/5/19;12:45:00 AM;0.024
2/5/19;1:00:00 AM;0.004
2/5/19;1:15:00 AM;0.012
2/5/19;1:30:00 AM;0.020
2/5/19;1:45:00 AM;0.000
2/5/19;2:00:00 AM;0.000
2/5/19;2:15:00 AM;0.000
2/5/19;2:30:00 AM;0.000
2/5/19;2:45:00 AM;0.004
2/5/19;3:00:00 AM;0.000
2/5/19;3:15:00 AM;0.000
2/5/19;3:30:00 AM;0.000
2/5/19;3:45:00 AM;0.000
2/5/19;4:00:00 AM;0.000
2/5/19;4:15:00 AM;0.000
2/5/19;4:30:00 AM;0.035
2/5/19;4:45:00 AM;0.008
2/5/19;5:00:00 AM;0.004
2/5/19;5:15:00 AM;0.000
2/5/19;5:30:00 AM;0.020
2/5/19;5:45:00 AM;0.051
2/5/19;6:00:00 AM;0.000
2/5/19;6:15:00 AM;0.000
2/5/19;6:30:00 AM;0.016
2/5/19;6:45:00 AM;0.008
2/5/19;7:00:00 AM;0.000
2/5/19;7:15:00 AM;0.000
2/5/19;7:30:00 AM;0.000
2/5/19;7:45:00 AM;0.004
2/5/19;8:00:00 AM;0.000
2/5/19;8:15:00 AM;0.000
2/5/19;8:30:00 AM;0.000
2/5/19;8:45:00 AM;0.000
2/5/19;9:00:00 AM;0.000
2/5/19;9:15:00 AM;0.000
2/5/19;9:30:00 AM;0.000
2/5/19;9:45:00 AM;0.000
2/5/19;10:00:00 AM;0.000
2/5/19;10:15:00 AM;0.000
2/5/19;10:30:00 AM;0.000
2/5/19;10:45:00 AM;0.000
2/5/19;11:00:00 AM;0.000
2/5/19;11:15:00 AM;0.000
2/5/19;11:30:00 AM;0.000
2/5/19;11:45:00 AM;0.020
2/5/19;12:00:00 PM;0.000
2/5/19;12:15:00 PM;0.000
2/5/19;12:30:00 PM;0.004
2/5/19;12:45:00 PM;0.000
2/5/19;1:00:00 PM;0.000
2/5/19;1:15:00 PM;0.004
2/5/19;1:30:00 PM;0.024
2/5/19;1:45:00 PM;0.000
2/5/19;2:00:00 PM;0.000
2/5/19;2:15:00 PM;0.000
2/5/19;2:30:00 PM;0.020
2/5/19;2:45:00 PM;0.016
2/5/19;3:00:00 PM;0.000
2/5/19;3:15:00 PM;0.000
2/5/19;3:30:00 PM;0.000
2/5/19;3:45:00 PM;0.000
2/5/19;4:00:00 PM;0.000
2/5/19;4:15:00 PM;0.000
2/5/19;4:30:00 PM;0.000
2/5/19;4:45:00 PM;0.000
2/5/19;5:00:00 PM;0.000
2/5/19;5:15:00 PM;0.000
2/5/19;5:30:00 PM;0.000
2/5/19;5:45:00 PM;0.000
2/5/19;6:00:00 PM;0.000
2/5/19;6:15:00 PM;0.000
2/5/19;6:30:00 PM;0.000
2/5/19;6:45:00 PM;0.000
2/5/19;7:00:00 PM;0.000
2/5/19;7:15:00 PM;0.000
2/5/19;7:30:00 PM;0.000
2/5/19;7:45:00 PM;0.000
2/5/19;8:00:00 PM;0.000
2/5/19;8:15:00 PM;0.000
2/5/19;8:30:00 PM;0.000
2/5/19;8:45:00 PM;0.000
2/5/19;9:00:00 PM;0.000
2/5/19;9:15:00 PM;0.000
2/5/19;9:30:00 PM;0.000
2/5/19;9:45:00 PM;0.000
2/5/19;10:00:00 PM;0.000
2/5/19;10:15:00 PM;0.000
2/5/19;10:30:00 PM;0.000
2/5/19;10:45:00 PM;0.000
2/5/19;11:00:00 PM;0.000
2/5/19;11:15:00 PM;0.000
2/5/19;11:30:00 PM;0.000
2/5/19;11:45:00 PM;0.000
2/6/19;12:00:00 AM;0.000
2/6/19;12:15:00 AM;0.000
2/6/19;12:30:00 AM;0.000
2/6/19;12:45:00 AM;0.000
2/6/19;1:00:00 AM;0.000
2/6/19;1:15:00 AM;0.000
2/6/19;1:30:00 AM;0.000
2/6/19;1:45:00 AM;0.000
2/6/19;2:00:00 AM;0.000
2/6/19;2:15:00 AM;0.000
2/6/19;2:30:00 AM;0.000
2/6/19;2:45:00 AM;0.000
2/6/19;3:00:00 AM;0.000
2/6/19;3:15:00 AM;0.000
2/6/19;3:30:00 AM;0.000
2/6/19;3:45:00 AM;0.000
2/6/19;4:00:00 AM;0.000
2/6/19;4:15:00 AM;0.000
2/6/19;4:30:00 AM;0.000
2/6/19;4:45:00 AM;0.000
2/6/19;5:00:00 AM;0.000
2/6/19;5:15:00 AM;0.000
2/6/19;5:30:00 AM;0.000
2/6/19;5:45:00 AM;0.000
2/6/19;6:00:00 AM;0.000
2/6/19;6:15:00 AM;0.000
2/6/19;6:30:00 AM;0.000
2/6/19;6:45:00 AM;0.000
2/6/19;7:00:00 AM;0.000
2/6/19;7:15:00 AM;0.000
2/6/19;7:30:00 AM;0.000
2/6/19;7:45:00 AM;0.000
2/6/19;8:00:00 AM;0.000
2/6/19;8:15:00 AM;0.000
2/6/19;8:30:00 AM;0.000
2/6/19;8:45:00 AM;0.000
2/6/19;9:00:00 AM;0.000
2/6/19;9:15:00 AM;0.000
2/6/19;9:30:00 AM;0.000
2/6/19;9:45:00 AM;0.000
2/6/19;10:00:00 AM;0.000
2/6/19;10:15:00 AM;0.000
2/6/19;10:30:00 AM;0.000
2/6/19;10:45:00 AM;0.000
2/6/19;11:00:00 AM;0.000
2/6/19;11:15:00 AM;0.000
2/6/19;11:30:00 AM;0.000
2/6/19;11:45:00 AM;0.000
2/6/19;12:00:00 PM;0.000
2/6/19;12:15:00 PM;0.000
2/6/19;12:30:00 PM;0.000
2/6/19;12:45:00 PM;0.000
2/6/19;1:00:00 PM;0.000
2/6/19;1:15:00 PM;0.000
2/6/19;1:30:00 PM;0.000
2/6/19;1:45:00 PM;0.000
2/6/19;2:00:00 PM;0.000
2/6/19;2:15:00 PM;0.000
2/6/19;2:30:00 PM;0.000
2/6/19;2:45:00 PM;0.000
2/6/19;3:00:00 PM;0.000
2/6/19;3:15:00 PM;0.000
2/6/19;3:30:00 PM;0.000
2/6/19;3:45:00 PM;0.000
2/6/19;4:00:00 PM;0.000
2/6/19;4:15:00 PM;0.000
2/6/19;4:30:00 PM;0.000
2/6/19;4:45:00 PM;0.000
2/6/19;5:00:00 PM;0.000
2/6/19;5:15:00 PM;0.000
2/6/19;5:30:00 PM;0.000
2/6/19;5:45:00 PM;0.000
2/6/19;6:00:00 PM;0.000
2/6/19;6:15:00 PM;0.000
2/6/19;6:30:00 PM;0.000
2/6/19;6:45:00 PM;0.000
2/6/19;7:00:00 PM;0.000
2/6/19;7:15:00 PM;0.000
2/6/19;7:30:00 PM;0.000
2/6/19;7:45:00 PM;0.000
2/6/19;8:00:00 PM;0.000
2/6/19;8:15:00 PM;0.000
2/6/19;8:30:00 PM;0.000
2/6/19;8:45:00 PM;0.000
2/6/19;9:00:00 PM;0.000
2/6/19;9:15:00 PM;0.000
2/6/19;9:30:00 PM;0.000
2/6/19;9:45:00 PM;0.000
2/6/19;10:00:00 PM;0.000
2/6/19;10:15:00 PM;0.000
2/6/19;10:30:00 PM;0.000
2/6/19;10:45:00 PM;0.000
2/6/19;11:00:00 PM;0.000
2/6/19;11:15:00 PM;0.000
2/6/19;11:30:00 PM;0.000
2/6/19;11:45:00 PM;0.000
2/7/19;12:00:00 AM;0.000
2/7/19;12:15:00 AM;0.000
2/7/19;12:30:00 AM;0.000
2/7/19;12:45:00 AM;0.000
2/7/19;1:00:00 AM;0.000
2/7/19;1:15:00 AM;0.000
2/7/19;1:30:00 AM;0.000
2/7/19;1:45:00 AM;0.000
2/7/19;2:00:00 AM;0.000
2/7/19;2:15:00 AM;0.000
2/7/19;2:30:00 AM;0.000
2/7/19;2:45:00 AM;0.000
2/7/19;3:00:00 AM;0.000
2/7/19;3:15:00 AM;0.000
2/7/19;3:30:00 AM;0.000
2/7/19;3:45:00 AM;0.000
2/7/19;4:00:00 AM;0.000
2/7/19;4:15:00 AM;0.000
2/7/19;4:30:00 AM;0.000
2/7/19;4:45:00 AM;0.000
2/7/19;5:00:00 AM;0.000
2/7/19;5:15:00 AM;0.000
2/7/19;5:30:00 AM;0.000
2/7/19;5:45:00 AM;0.000
2/7/19;6:00:00 AM;0.000
2/7/19;6:15:00 AM;0.000
2/7/19;6:30:00 AM;0.000
2/7/19;6:45:00 AM;0.000
2/7/19;7:00:00 AM;0.000
2/7/19;7:15:00 AM;0.000
2/7/19;7:30:00 AM;0.000
2/7/19;7:45:00 AM;0.000
2/7/19;8:00:00 AM;0.000
2/7/19;8:15:00 AM;0.000
2/7/19;8:30:00 AM;0.000
2/7/19;8:45:00 AM;0.000
2/7/19;9:00:00 AM;0.000
2/7/19;9:15:00 AM;0.000
2/7/19;9:30:00 AM;0.000
2/7/19;9:45:00 AM;0.000
2/7/19;10:00:00 AM;0.000
2/7/19;10:15:00 AM;0.000
2/7/19;10:30:00 AM;0.000
2/7/19;10:45:00 AM;0.000
2/7/19;11:00:00 AM;0.000
2/7/19;11:15:00 AM;0.000
2/7/19;11:30:00 AM;0.000
2/7/19;11:45:00 AM;0.000
2/7/19;12:00:00 PM;0.000
2/7/19;12:15:00 PM;0.000
2/7/19;12:30:00 PM;0.000
2/7/19;12:45:00 PM;0.000
2/7/19;1:00:00 PM;0.000
2/7/19;1:15:00 PM;0.000
2/7/19;1:30:00 PM;0.000
2/7/19;1:45:00 PM;0.000
2/7/19;2:00:00 PM;0.000
2/7/19;2:15:00 PM;0.000
2/7/19;2:30:00 PM;0.000
2/7/19;2:45:00 PM;0.000
2/7/19;3:00:00 PM;0.000
2/7/19;3:15:00 PM;0.000
2/7/19;3:30:00 PM;0.000
2/7/19;3:45:00 PM;0.000
2/7/19;4:00:00 PM;0.000
2/7/19;4:15:00 PM;0.000
2/7/19;4:30:00 PM;0.000
2/7/19;4:45:00 PM;0.000
2/7/19;5:00:00 PM;0.000
2/7/19;5:15:00 PM;0.000
2/7/19;5:30:00 PM;0.000
2/7/19;5:45:00 PM;0.000
2/7/19;6:00:00 PM;0.000
2/7/19;6:15:00 PM;0.000
2/7/19;6:30:00 PM;0.000
2/7/19;6:45:00 PM;0.000
2/7/19;7:00:00 PM;0.000
2/7/19;7:15:00 PM;0.000
2/7/19;7:30:00 PM;0.000
2/7/19;7:45:00 PM;0.000
2/7/19;8:00:00 PM;0.000
2/7/19;8:15:00 PM;0.000
2/7/19;8:30:00 PM;0.000
2/7/19;8:45:00 PM;0.000
2/7/19;9:00:00 PM;0.000
2/7/19;9:15:00 PM;0.000
2/7/19;9:30:00 PM;0.000
2/7/19;9:45:00 PM;0.000
2/7/19;10:00:00 PM;0.000
2/7/19;10:15:00 PM;0.000
2/7/19;10:30:00 PM;0.000
2/7/19;10:45:00 PM;0.000
2/7/19;11:00:00 PM;0.000
2/7/19;11:15:00 PM;0.000
2/7/19;11:30:00 PM;0.000
2/7/19;11:45:00 PM;0.000
2/8/19;12:00:00 AM;0.000
2/8/19;12:15:00 AM;0.000
2/8/19;12:30:00 AM;0.000
2/8/19;12:45:00 AM;0.000
2/8/19;1:00:00 AM;0.000
2/8/19;1:15:00 AM;0.000
2/8/19;1:30:00 AM;0.000
2/8/19;1:45:00 AM;0.000
2/8/19;2:00:00 AM;0.000
2/8/19;2:15:00 AM;0.000
2/8/19;2:30:00 AM;0.000
2/8/19;2:45:00 AM;0.000
2/8/19;3:00:00 AM;0.000
2/8/19;3:15:00 AM;0.000
2/8/19;3:30:00 AM;0.000
2/8/19;3:45:00 AM;0.000
2/8/19;4:00:00 AM;0.000
2/8/19;4:15:00 AM;0.000
2/8/19;4:30:00 AM;0.000
2/8/19;4:45:00 AM;0.000
2/8/19;5:00:00 AM;0.000
2/8/19;5:15:00 AM;0.000
2/8/19;5:30:00 AM;0.000
2/8/19;5:45:00 AM;0.000
2/8/19;6:00:00 AM;0.000
2/8/19;6:15:00 AM;0.000
2/8/19;6:30:00 AM;0.000
2/8/19;6:45:00 AM;0.000
2/8/19;7:00:00 AM;0.000
2/8/19;7:15:00 AM;0.000
2/8/19;7:30:00 AM;0.000
2/8/19;7:45:00 AM;0.000
2/8/19;8:00:00 AM;0.000
2/8/19;8:15:00 AM;0.000
2/8/19;8:30:00 AM;0.000
2/8/19;8:45:00 AM;0.000
2/8/19;9:00:00 AM;0.000
2/8/19;9:15:00 AM;0.000
2/8/19;9:30:00 AM;0.000
2/8/19;9:45:00 AM;0.000
2/8/19;10:00:00 AM;0.000
2/8/19;10:15:00 AM;0.000
2/8/19;10:30:00 AM;0.000
2/8/19;10:45:00 AM;0.000
2/8/19;11:00:00 AM;0.000
2/8/19;11:15:00 AM;0.000
2/8/19;11:30:00 AM;0.000
2/8/19;11:45:00 AM;0.000
2/8/19;12:00:00 PM;0.000
2/8/19;12:15:00 PM;0.000
2/8/19;12:30:00 PM;0.000
2/8/19;12:45:00 PM;0.000
2/8/19;1:00:00 PM;0.000
2/8/19;1:15:00 PM;0.000
2/8/19;1:30:00 PM;0.000
2/8/19;1:45:00 PM;0.000
2/8/19;2:00:00 PM;0.000
2/8/19;2:15:00 PM;0.000
2/8/19;2:30:00 PM;0.000
2/8/19;2:45:00 PM;0.000
2/8/19;3:00:00 PM;0.000
2/8/19;3:15:00 PM;0.000
2/8/19;3:30:00 PM;0.000
2/8/19;3:45:00 PM;0.000
2/8/19;4:00:00 PM;0.000
2/8/19;4:15:00 PM;0.000
2/8/19;4:30:00 PM;0.000
2/8/19;4:45:00 PM;0.000
2/8/19;5:00:00 PM;0.000
2/8/19;5:15:00 PM;0.000
2/8/19;5:30:00 PM;0.000
2/8/19;5:45:00 PM;0.012
2/8/19;6:00:00 PM;0.012
2/8/19;6:15:00 PM;0.012
2/8/19;6:30:00 PM;0.039
2/8/19;6:45:00 PM;0.051
2/8/19;7:00:00 PM;0.035
2/8/19;7:15:00 PM;0.020
2/8/19;7:30:00 PM;0.051
2/8/19;7:45:00 PM;0.087
2/8/19;8:00:00 PM;0.020
2/8/19;8:15:00 PM;0.004
2/8/19;8:30:00 PM;0.004
2/8/19;8:45:00 PM;0.008
2/8/19;9:00:00 PM;0.004
2/8/19;9:15:00 PM;0.000
2/8/19;9:30:00 PM;0.004
2/8/19;9:45:00 PM;0.000
2/8/19;10:00:00 PM;0.000
2/8/19;10:15:00 PM;0.028
2/8/19;10:30:00 PM;0.012
2/8/19;10:45:00 PM;0.000
2/8/19;11:00:00 PM;0.000
2/8/19;11:15:00 PM;0.004
2/8/19;11:30:00 PM;0.000
2/8/19;11:45:00 PM;0.000
2/9/19;12:00:00 AM;0.000
2/9/19;12:15:00 AM;0.000
2/9/19;12:30:00 AM;0.035
2/9/19;12:45:00 AM;0.012
2/9/19;1:00:00 AM;0.079
2/9/19;1:15:00 AM;0.102
2/9/19;1:30:00 AM;0.004
2/9/19;1:45:00 AM;0.000
2/9/19;2:00:00 AM;0.000
2/9/19;2:15:00 AM;0.016
2/9/19;2:30:00 AM;0.004
2/9/19;2:45:00 AM;0.000
2/9/19;3:00:00 AM;0.000
2/9/19;3:15:00 AM;0.004
2/9/19;3:30:00 AM;0.000
2/9/19;3:45:00 AM;0.000
2/9/19;4:00:00 AM;0.000
2/9/19;4:15:00 AM;0.000
2/9/19;4:30:00 AM;0.028
2/9/19;4:45:00 AM;0.031
2/9/19;5:00:00 AM;0.004
2/9/19;5:15:00 AM;0.000
2/9/19;5:30:00 AM;0.000
2/9/19;5:45:00 AM;0.039
2/9/19;6:00:00 AM;0.028
2/9/19;6:15:00 AM;0.000
2/9/19;6:30:00 AM;0.000
2/9/19;6:45:00 AM;0.000
2/9/19;7:00:00 AM;0.000
2/9/19;7:15:00 AM;0.000
2/9/19;7:30:00 AM;0.000
2/9/19;7:45:00 AM;0.004
2/9/19;8:00:00 AM;0.000
2/9/19;8:15:00 AM;0.000
2/9/19;8:30:00 AM;0.000
2/9/19;8:45:00 AM;0.000
2/9/19;9:00:00 AM;0.000
2/9/19;9:15:00 AM;0.000
2/9/19;9:30:00 AM;0.000
2/9/19;9:45:00 AM;0.000
2/9/19;10:00:00 AM;0.000
2/9/19;10:15:00 AM;0.000
2/9/19;10:30:00 AM;0.000
2/9/19;10:45:00 AM;0.000
2/9/19;11:00:00 AM;0.000
2/9/19;11:15:00 AM;0.000
2/9/19;11:30:00 AM;0.000
2/9/19;11:45:00 AM;0.000
2/9/19;12:00:00 PM;0.000
2/9/19;12:15:00 PM;0.000
2/9/19;12:30:00 PM;0.000
2/9/19;12:45:00 PM;0.000
2/9/19;1:00:00 PM;0.000
2/9/19;1:15:00 PM;0.000
2/9/19;1:30:00 PM;0.000
2/9/19;1:45:00 PM;0.000
2/9/19;2:00:00 PM;0.000
2/9/19;2:15:00 PM;0.000
2/9/19;2:30:00 PM;0.000
2/9/19;2:45:00 PM;0.000
2/9/19;3:00:00 PM;0.000
2/9/19;3:15:00 PM;0.000
2/9/19;3:30:00 PM;0.000
2/9/19;3:45:00 PM;0.000
2/9/19;4:00:00 PM;0.000
2/9/19;4:15:00 PM;0.000
2/9/19;4:30:00 PM;0.000
2/9/19;4:45:00 PM;0.000
2/9/19;5:00:00 PM;0.000
2/9/19;5:15:00 PM;0.000
2/9/19;5:30:00 PM;0.000
2/9/19;5:45:00 PM;0.000
2/9/19;6:00:00 PM;0.000
2/9/19;6:15:00 PM;0.000
2/9/19;6:30:00 PM;0.000
2/9/19;6:45:00 PM;0.000
2/9/19;7:00:00 PM;0.000
2/9/19;7:15:00 PM;0.000
2/9/19;7:30:00 PM;0.000
2/9/19;7:45:00 PM;0.000
2/9/19;8:00:00 PM;0.000
2/9/19;8:15:00 PM;0.000
2/9/19;8:30:00 PM;0.000
2/9/19;8:45:00 PM;0.000
2/9/19;9:00:00 PM;0.000
2/9/19;9:15:00 PM;0.000
2/9/19;9:30:00 PM;0.000
2/9/19;9:45:00 PM;0.000
2/9/19;10:00:00 PM;0.000
2/9/19;10:15:00 PM;0.000
2/9/19;10:30:00 PM;0.000
2/9/19;10:45:00 PM;0.000
2/9/19;11:00:00 PM;0.000
2/9/19;11:15:00 PM;0.000
2/9/19;11:30:00 PM;0.000
2/9/19;11:45:00 PM;0.000
2/10/19;12:00:00 AM;0.004
2/10/19;12:15:00 AM;0.008
2/10/19;12:30:00 AM;0.047
2/10/19;12:45:00 AM;0.004
2/10/19;1:00:00 AM;0.000
2/10/19;1:15:00 AM;0.000
2/10/19;1:30:00 AM;0.000
2/10/19;1:45:00 AM;0.012
2/10/19;2:00:00 AM;0.000
2/10/19;2:15:00 AM;0.000
2/10/19;2:30:00 AM;0.000
2/10/19;2:45:00 AM;0.004
2/10/19;3:00:00 AM;0.000
2/10/19;3:15:00 AM;0.000
2/10/19;3:30:00 AM;0.004
2/10/19;3:45:00 AM;0.102
2/10/19;4:00:00 AM;0.102
2/10/19;4:15:00 AM;0.012
2/10/19;4:30:00 AM;0.000
2/10/19;4:45:00 AM;0.000
2/10/19;5:00:00 AM;0.008
2/10/19;5:15:00 AM;0.004
2/10/19;5:30:00 AM;0.000
2/10/19;5:45:00 AM;0.000
2/10/19;6:00:00 AM;0.004
2/10/19;6:15:00 AM;0.008
2/10/19;6:30:00 AM;0.000
2/10/19;6:45:00 AM;0.000
2/10/19;7:00:00 AM;0.051
2/10/19;7:15:00 AM;0.047
2/10/19;7:30:00 AM;0.000
2/10/19;7:45:00 AM;0.020
2/10/19;8:00:00 AM;0.004
2/10/19;8:15:00 AM;0.016
2/10/19;8:30:00 AM;0.016
2/10/19;8:45:00 AM;0.004
2/10/19;9:00:00 AM;0.020
2/10/19;9:15:00 AM;0.016
2/10/19;9:30:00 AM;0.000
2/10/19;9:45:00 AM;0.008
2/10/19;10:00:00 AM;0.004
2/10/19;10:15:00 AM;0.004
2/10/19;10:30:00 AM;0.000
2/10/19;10:45:00 AM;0.000
2/10/19;11:00:00 AM;0.000
2/10/19;11:15:00 AM;0.004
2/10/19;11:30:00 AM;0.000
2/10/19;11:45:00 AM;0.004
2/10/19;12:00:00 PM;0.000
2/10/19;12:15:00 PM;0.000
2/10/19;12:30:00 PM;0.000
2/10/19;12:45:00 PM;0.000
2/10/19;1:00:00 PM;0.000
2/10/19;1:15:00 PM;0.000
2/10/19;1:30:00 PM;0.000
2/10/19;1:45:00 PM;0.000
2/10/19;2:00:00 PM;0.000
2/10/19;2:15:00 PM;0.000
2/10/19;2:30:00 PM;0.000
2/10/19;2:45:00 PM;0.000
2/10/19;3:00:00 PM;0.000
2/10/19;3:15:00 PM;0.000
2/10/19;3:30:00 PM;0.000
2/10/19;3:45:00 PM;0.000
2/10/19;4:00:00 PM;0.000
2/10/19;4:15:00 PM;0.000
2/10/19;4:30:00 PM;0.000
2/10/19;4:45:00 PM;0.000
2/10/19;5:00:00 PM;0.000
2/10/19;5:15:00 PM;0.000
2/10/19;5:30:00 PM;0.000
2/10/19;5:45:00 PM;0.000
2/10/19;6:00:00 PM;0.000
2/10/19;6:15:00 PM;0.000
2/10/19;6:30:00 PM;0.000
2/10/19;6:45:00 PM;0.000
2/10/19;7:00:00 PM;0.000
2/10/19;7:15:00 PM;0.000
2/10/19;7:30:00 PM;0.000
2/10/19;7:45:00 PM;0.000
2/10/19;8:00:00 PM;0.000
2/10/19;8:15:00 PM;0.000
2/10/19;8:30:00 PM;0.000
2/10/19;8:45:00 PM;0.000
2/10/19;9:00:00 PM;0.000
2/10/19;9:15:00 PM;0.000
2/10/19;9:30:00 PM;0.000
2/10/19;9:45:00 PM;0.000
2/10/19;10:00:00 PM;0.000
2/10/19;10:15:00 PM;0.000
2/10/19;10:30:00 PM;0.000
2/10/19;10:45:00 PM;0.000
2/10/19;11:00:00 PM;0.000
2/10/19;11:15:00 PM;0.000
2/10/19;11:30:00 PM;0.000
2/10/19;11:45:00 PM;0.000
2/11/19;12:00:00 AM;0.000
2/11/19;12:15:00 AM;0.000
2/11/19;12:30:00 AM;0.000
2/11/19;12:45:00 AM;0.000
2/11/19;1:00:00 AM;0.000
2/11/19;1:15:00 AM;0.000
2/11/19;1:30:00 AM;0.000
2/11/19;1:45:00 AM;0.000
2/11/19;2:00:00 AM;0.000
2/11/19;2:15:00 AM;0.000
2/11/19;2:30:00 AM;0.000
2/11/19;2:45:00 AM;0.000
2/11/19;3:00:00 AM;0.000
2/11/19;3:15:00 AM;0.000
2/11/19;3:30:00 AM;0.000
2/11/19;3:45:00 AM;0.000
2/11/19;4:00:00 AM;0.000
2/11/19;4:15:00 AM;0.000
2/11/19;4:30:00 AM;0.000
2/11/19;4:45:00 AM;0.000
2/11/19;5:00:00 AM;0.000
2/11/19;5:15:00 AM;0.000
2/11/19;5:30:00 AM;0.000
2/11/19;5:45:00 AM;0.000
2/11/19;6:00:00 AM;0.000
2/11/19;6:15:00 AM;0.000
2/11/19;6:30:00 AM;0.000
2/11/19;6:45:00 AM;0.000
2/11/19;7:00:00 AM;0.000
2/11/19;7:15:00 AM;0.000
2/11/19;7:30:00 AM;0.000
2/11/19;7:45:00 AM;0.000
2/11/19;8:00:00 AM;0.000
2/11/19;8:15:00 AM;0.000
2/11/19;8:30:00 AM;0.000
2/11/19;8:45:00 AM;0.000
2/11/19;9:00:00 AM;0.000
2/11/19;9:15:00 AM;0.000
2/11/19;9:30:00 AM;0.000
2/11/19;9:45:00 AM;0.000
2/11/19;10:00:00 AM;0.000
2/11/19;10:15:00 AM;0.000
2/11/19;10:30:00 AM;0.000
2/11/19;10:45:00 AM;0.000
2/11/19;11:00:00 AM;0.000
2/11/19;11:15:00 AM;0.000
2/11/19;11:30:00 AM;0.000
2/11/19;11:45:00 AM;0.000
2/11/19;12:00:00 PM;0.000
2/11/19;12:15:00 PM;0.000
2/11/19;12:30:00 PM;0.000
2/11/19;12:45:00 PM;0.000
2/11/19;1:00:00 PM;0.000
2/11/19;1:15:00 PM;0.000
